cod_cidade,cidade,uf,loggi,dits_caj,populucao,area,malha_aerea
3550308,São Paulo (SP),SP,1,0,12105804,1522.986,1
3304557,Rio de Janeiro (RJ),RJ,1,444,6519400,1182.296,1
5300108,Brasília (DF),DF,1,1003,3039444,5801.937,1
2927408,Salvador (BA),BA,1,1973,2953716,706.799,1
2304400,Fortaleza (CE),CE,1,2928.000994,2627745,313.14,1
3106200,Belo Horizonte (MG),MG,1,591.212,2523469,330.954,1
1302603,Manaus (AM),AM,1,3900.000715,2130330,11401.058,1
4106902,Curitiba (PR),PR,1,410,1908330,434.967,1
2611606,Recife (PE),PE,1,2655.00049,1633588,217.494,1
4314902,Porto Alegre (RS),RS,1,1107,1484863,496.827,1
5208707,Goiânia (GO),GO,1,960,1465990,739.492,1
1501402,Belém (PA),PA,0,2859.000436,1451439,1064.918,1
3518800,Guarulhos (SP),SP,0,21.495,1349158,318.014,1
3509502,Campinas (SP),SP,1,91.251,1182410,795.697,1
2111300,São Luís (MA),MA,0,2905.000239,1091347,827.141,1
3304904,São Gonçalo (RJ),RJ,0,461.939,1049793,249.142,0
2704302,Maceió (AL),AL,0,2423.000245,1029166,510.655,1
3301702,Duque de Caxias (RJ),RJ,0,426.283,890890,464.573,0
2408102,Natal (RN),RN,0,2947.0009,885077,170.298,1
5002704,Campo Grande (MS),MS,0,993.838,874184,8096.051,1
2211001,Teresina (PI),PI,0,2686.000729,850083,1670.798,1
3548708,São Bernardo do Campo (SP),SP,0,18.733,827379,406.18,0
2507507,João Pessoa (PB),PB,0,2773.000992,811847,210.551,1
3303500,Nova Iguaçu (RJ),RJ,0,405.054,787296,523.888,0
3547809,Santo André (SP),SP,0,20.571,715112,174.84,0
3549904,São José dos Campos (SP),SP,1,89.383,703284,1099.613,0
3534401,Osasco (SP),SP,0,25.545,697743,64.935,0
2607901,Jaboatão dos Guararapes (PE),PE,0,2635.000335,695978,256.073,0
3543402,Ribeirão Preto (SP),SP,1,317.627,682408,650.366,1
3170206,Uberlândia (MG),MG,0,567,676815,4115.822,1
3552205,Sorocaba (SP),SP,0,104.948,659961,449.122,0
3118601,Contagem (MG),MG,0,570.594,658632,194.586,0
2800308,Aracaju (SE),SE,0,2168.000644,650200,174.053,1
2910800,Feira de Santana (BA),BA,0,1857.000341,627478,1362.88,1
5103403,Cuiabá (MT),MT,0,1527.000113,589902,3538.167,1
4209102,Joinville (SC),SC,0,522.395,577024,1125.7,1
3136702,Juiz de Fora (MG),MG,0,514.214,563816,1436.85,1
4113700,Londrina (PR),PR,0,537.382,558461,1650.809,1
5201405,Aparecida de Goiânia (GO),GO,0,883.866,542258,288.465,0
1100205,Porto Velho (RO),RO,0,3013.000203,519563,34082.366,1
1500800,Ananindeua (PA),PA,0,2842.000467,515927,185.057,0
3300456,Belford Roxo (RJ),RJ,0,412.345,507373,79.791,0
3205002,Serra (ES),ES,0,981.958,502782,553.254,0
3303302,Niterói (RJ),RJ,0,452.263,498941,129.375,0
3301009,Campos dos Goytacazes (RJ),RJ,0,709.348,490294,4031.91,0
3205200,Vila Velha (ES),ES,0,950.032,486457,208.82,0
4205407,Florianópolis (SC),SC,0,696.236,485865,433.317,1
4305108,Caxias do Sul (RS),RS,0,983.048,483555,1643.913,1
1600303,Macapá (AP),AP,0,3402,474699,6407.123,0
3529401,Mauá (SP),SP,0,26.415,462029,62.293,0
3305109,São João de Meriti (RJ),RJ,0,417.192,460336,34.838,0
3549805,São José do Rio Preto (SP),SP,0,441.902,450671,431.307,1
3548500,Santos (SP),SP,1,73.059,434640,280.3,0
3530607,Mogi das Cruzes (SP),SP,0,64.585,433948,714.156,0
3106705,Betim (MG),MG,0,555.073,427306,345.913,0
3513801,Diadema (SP),SP,0,20.037,417842,30.65,0
2504009,Campina Grande (PB),PB,0,2673.000975,410310,620.628,1
3525904,Jundiaí (SP),SP,0,58.825,409515,431.969,0
4115200,Maringá (PR),PR,0,650.077,408678,487.93,1
3143302,Montes Claros (MG),MG,0,985.573,402118,3582.034,0
3538709,Piracicaba (SP),SP,0,184.999,397309,1369.511,0
3510609,Carapicuíba (SP),SP,0,29.843,396545,34.967,0
2609600,Olinda (PE),PE,0,2657.000836,390690,43.548,0
3201308,Cariacica (ES),ES,0,954.248,387294,279.975,0
1200401,Rio Branco (AC),AC,0,3526,383452,9222.577,0
5201108,Anápolis (GO),GO,0,1012,375103,918.375,0
3506003,Bauru (SP),SP,0,331.914,371663,673.488,1
3205309,Vitória (ES),ES,0,956.816,363117,93.381,1
2303709,Caucaia (CE),CE,0,3116.000403,362360,1227.895,0
3523107,Itaquaquecetuba (SP),SP,0,42.237,360698,81.777,0
3551009,São Vicente (SP),SP,0,70.443,360360,148.424,0
2604106,Caruaru (PE),PE,0,2531.000703,356249,920.61,0
2933307,Vitória da Conquista (BA),BA,0,1456.000622,348757,3204.257,0
4202404,Blumenau (SC),SC,0,603.569,348494,519.837,0
3516200,Franca (SP),SP,0,399.017,347226,607.333,0
4314407,Pelotas (RS),RS,0,1385.000784,344357,1608.768,0
4119905,Ponta Grossa (PR),PR,0,515.098,344350,2067.545,1
4304606,Canoas (RS),RS,0,1132.000748,343856,131.097,0
2611101,Petrolina (PE),PE,0,2178.000419,343422,4558.537,1
1400100,Boa Vista (RR),RR,0,4650.000299,332025,5687.064,0
3154606,Ribeirão das Neves (MG),MG,0,593.014,328944,154.18,0
2610707,Paulista (PE),PE,0,2674.000884,328387,93.518,0
3170107,Uberaba (MG),MG,0,485.105,328343,4512.135,0
4104808,Cascavel (PR),PR,0,923.241,319641,2100.105,1
3518701,Guarujá (SP),SP,0,96.045,315546,142.589,0
3541000,Praia Grande (SP),SP,0,75.827,310168,149.079,0
3554102,Taubaté (SP),SP,0,143.228,307964,625.916,0
4125506,São José dos Pinhais (PR),PR,0,417.299,307634,945.717,0
3526902,Limeira (SP),SP,0,148.023,300901,580.983,0
3303906,Petrópolis (RJ),RJ,0,460.302,298095,774.606,0
2905701,Camaçari (BA),BA,0,1955.000152,297173,759.802,0
1506807,Santarém (PA),PA,0,3377.000337,296159,17876.647,0
2408003,Mossoró (RN),RN,0,2779.000273,295641,2110.207,0
3552502,Suzano (SP),SP,0,51.014,290784,205.865,0
1721000,Palmas (TO),TO,0,1722.000669,287017,2218.934,1
3127701,Governador Valadares (MG),MG,0,929.016,280870,2348.1,0
3552809,Taboão da Serra (SP),SP,0,22.897,279699,20.478,0
4316907,Santa Maria (RS),RS,0,1266.000269,278455,1779.556,0
4309209,Gravataí (RS),RS,0,1123.000108,275176,463.758,0
5108402,Várzea Grande (MT),MT,0,1531.000945,273934,938.057,0
3552403,Sumaré (SP),SP,0,119.796,273066,153.033,0
1504208,Marabá (PA),PA,0,2463.000159,271660,15092.268,0
2307304,Juazeiro do Norte (CE),CE,0,2470.000242,270428,248.558,1
3505708,Barueri (SP),SP,0,33.946,267553,64.167,0
3515004,Embu das Artes (SP),SP,0,33.433,267073,70.079,0
3306305,Volta Redonda (RJ),RJ,0,340.873,264280,182.317,0
4108304,Foz do Iguaçu (PR),PR,0,1060.0007,263989,617.701,1
3131307,Ipatinga (MG),MG,0,842.153,261223,165.509,0
2403251,Parnamirim (RN),RN,0,2929.000731,254919,120.202,0
2105302,Imperatriz (MA),MA,0,2287.000837,254461,1367.901,1
4323002,Viamão (RS),RS,0,1133.000322,253715,1494.263,0
4313409,Novo Hamburgo (RS),RS,0,1136.000533,249479,223.606,0
3548906,São Carlos (SP),SP,0,240.029,246101,1140.92,0
3302403,Macaé (RJ),RJ,0,610.958,244350,1215.904,0
3520509,Indaiatuba (SP),SP,0,105.348,239720,310.564,0
4216602,São José (SC),SC,0,692.051,239719,113.171,0
3513009,Cotia (SP),SP,0,36.225,237857,323.891,0
3302502,Magé (RJ),RJ,0,454.301,237776,385.696,0
4105805,Colombo (PR),PR,0,408.413,237424,198.007,0
3167202,Sete Lagoas (MG),MG,0,636.013,236268,537.476,0
3529005,Marília (SP),SP,0,437.092,235223,1170.054,1
3122306,Divinópolis (MG),MG,0,519.154,234975,708.909,0
2700300,Arapiraca (AL),AL,0,2328.000037,234177,351.475,0
3501608,Americana (SP),SP,0,125.997,233882,133.63,0
3301900,Itaboraí (RJ),RJ,0,483.032,232518,424.219,0
4318705,São Leopoldo (RS),RS,0,1150.000714,230944,102.313,0
3503208,Araraquara (SP),SP,0,278.254,230781,1005.968,0
3524402,Jacareí (SP),SP,0,82.065,229842,460.073,0
3522505,Itapevi (SP),SP,0,42.627,229555,91.353,0
3541406,Presidente Prudente (SP),SP,0,557.451,225259,562.107,1
2307650,Maracanaú (CE),CE,0,2930.000679,224831,105.696,0
5107602,Rondonópolis (MT),MT,0,1315.000267,222393,4165.232,0
3519071,Hortolândia (SP),SP,0,112.799,222249,62.224,0
2918407,Juazeiro (BA),BA,0,2173.000236,222088,6389.623,0
2914802,Itabuna (BA),BA,0,1660.000196,220984,443.198,0
3157807,Santa Luzia (MG),MG,0,600.486,218894,233.759,0
5003702,Dourados (MS),MS,0,1007.000715,218063,4086.387,1
5218805,Rio Verde (GO),GO,0,899.445,217175,8388.295,1
3300704,Cabo Frio (RJ),RJ,0,593.462,216141,400.693,1
4204202,Chapecó (SC),SC,0,884.271,213300,624.308,1
4208203,Itajaí (SC),SC,0,605.809,212632,289.255,0
3201209,Cachoeiro de Itapemirim (ES),ES,0,832.152,211869,876.792,0
4204608,Criciúma (SC),SC,0,879.472,211334,235.628,0
4315602,Rio Grande (RS),RS,0,1358.000814,209380,2813.907,0
4300604,Alvorada (RS),RS,0,1126.000649,208181,70.811,0
2312908,Sobral (CE),CE,0,3037.000157,205577,2122.989,0
2602902,Cabo de Santo Agostinho (PE),PE,0,2614.00017,204693,447.875,0
3543907,Rio Claro (SP),SP,0,177.755,202944,498.008,0
1505536,Parauapebas (PA),PA,0,2396.000008,202653,7007.737,0
5212501,Luziânia (GO),GO,0,991.497,199619,3961.536,0
4314100,Passo Fundo (RS),RS,0,992.264,198820,780.355,1
2919207,Lauro de Freitas (BA),BA,0,1973.000963,197801,59.905,0
5200258,Águas Lindas de Goiás (GO),GO,0,1071.000807,195922,191.198,0
1502400,Castanhal (PA),PA,0,2808.000689,195249,1029.191,0
3502804,Araçatuba (SP),SP,0,524.258,194854,1167.311,1
3300100,Angra dos Reis (RJ),RJ,0,405.803,194736,800.43,0
3545803,'Santa Bárbara d''Oeste (SP)',SP,0,,191863,271.492,0
3515707,Ferraz de Vasconcelos (SP),SP,0,51.027,188891,30.071,0
3303401,Nova Friburgo (RJ),RJ,0,547.151,185370,932.635,0
2804805,Nossa Senhora do Socorro (SE),SE,0,2166.000364,181946,157.515,0
4109401,Guarapuava (PR),PR,0,673.025,180353,3115.329,0
3300407,Barra Mansa (RJ),RJ,0,312.291,180290,547.441,0
2111201,São José de Ribamar (MA),MA,0,2914.000343,177651,386.282,0
3129806,Ibirité (MG),MG,0,571.931,177524,73.027,0
2913606,Ilhéus (BA),BA,0,1691.000635,176141,1840.991,1
3305802,Teresópolis (RJ),RJ,0,488.366,176081,770.507,0
1702109,Araguaína (TO),TO,0,2042.00055,175996,4000.395,0
3516309,Francisco Morato (SP),SP,0,49.808,171614,49.164,0
3302858,Mesquita (RJ),RJ,0,411.197,171244,34.767,0
3522208,Itapecerica da Serra (SP),SP,0,42.392,170947,151.458,0
4208906,Jaraguá do Sul (SC),SC,0,554.523,170879,532.59,0
3523909,Itu (SP),SP,0,101.241,170161,639.981,0
3203205,Linhares (ES),ES,0,1089.000047,169296,3501.604,0
2112209,Timon (MA),MA,0,2689.000172,167625,1740.559,0
3151800,Poços de Caldas (MG),MG,0,273.564,166096,544.42,0
4211900,Palhoça (SC),SC,0,697.93,164976,394.662,0
3507605,Bragança Paulista (SP),SP,0,87.409,164182,513.589,0
3538006,Pindamonhangaba (SP),SP,0,157.619,164016,730.172,0
2103000,Caxias (MA),MA,0,2708.000853,162614,5223.981,0
2918001,Jequié (BA),BA,0,1610.000549,162152,3035.423,0
2931350,Teixeira de Freitas (BA),BA,0,1324.000182,161767,1153.791,0
3522307,Itapetininga (SP),SP,0,173.054,160080,1792.079,0
3548807,São Caetano do Sul (SP),SP,0,13.453,159589,15.36,0
5221858,Valparaíso de Goiás (GO),GO,0,1005.000935,159559,60.111,0
4209300,Lages (SC),SC,0,770.054,158449,2644.313,1
3303203,Nilópolis (RJ),RJ,0,414.009,158287,19.157,0
2903201,Barreiras (BA),BA,0,1616.000506,157058,7895.241,0
2603454,Camaragibe (PE),PE,0,2659.000625,156369,55.083,0
2900702,Alagoinhas (BA),BA,0,1936.000886,156156,733.969,0
1500107,Abaetetuba (PA),PA,0,2759.000523,153334,1610.743,0
3302700,Maricá (RJ),RJ,0,490.746,153238,362.477,0
4118204,Paranaguá (PR),PR,0,474.834,152973,826.652,0
3148004,Patos de Minas (MG),MG,0,725.294,150903,3189.006,0
2207702,Parnaíba (PI),PI,0,3011.00088,150504,435.564,1
3516408,Franco da Rocha (SP),SP,0,44.031,149531,133.931,0
2925303,Porto Seguro (BA),BA,0,1585.000322,149410,2408.594,1
3530706,Mogi Guaçu (SP),SP,0,197.508,149390,813.138,0
3152501,Pouso Alegre (MG),MG,0,202.689,147190,543.883,0
3525300,Jaú (SP),SP,0,303.042,146352,688.337,0
3304144,Queimados (RJ),RJ,0,398.085,145385,76.921,0
3507506,Botucatu (SP),SP,0,238.606,142561,1482.874,0
3168606,Teófilo Otoni (MG),MG,0,1061.000897,141908,3242.818,0
3304524,Rio das Ostras (RJ),RJ,0,603.048,141403,230.621,0
3504107,Atibaia (SP),SP,0,66.309,139686,478.101,0
4320008,Sapucaia do Sul (RS),RS,0,1129.000294,139481,58.644,0
2606002,Garanhuns (PE),PE,0,2432.000008,138639,472.462,0
2616407,Vitória de Santo Antão (PE),PE,0,2616.000763,137576,371.796,0
4101804,Araucária (PR),PR,0,437.422,137490,469.166,0
2513703,Santa Rita (PB),PB,0,2788.000371,136849,726.565,0
3105608,Barbacena (MG),MG,0,527.643,136690,788.001,0
2930709,1ões Filho (BA),BA,0,1946.00087,136094,192.163,0
3156700,Sabará (MG),MG,0,599.812,135965,303.564,0
5107909,Sinop (MT),MT,0,2003.000711,135934,3194.339,0
4127700,Toledo (PR),PR,0,926.019,135564,1197.016,0
4202008,Balneário Camboriú (SC),SC,0,616.167,135348,46.489,0
3170701,Varginha (MG),MG,0,317.493,134374,395.647,0
1502103,Cametá (PA),PA,0,2778.000279,134080,3081.36,0
4101408,Apucarana (PR),PR,0,606.008,132693,558.388,0
1100122,Ji-Paraná (RO),RO,0,2638.000594,132642,6896.782,0
3547304,Santana de Parnaíba (SP),SP,0,43.132,131971,183.816,0
3503307,Araras (SP),SP,0,171.887,131286,643.457,0
2304202,Crato (CE),CE,0,2480.000747,130620,1009.202,0
4322400,Uruguaiana (RS),RS,0,1545.000918,129760,5715.782,0
4119152,Pinhais (PR),PR,0,407.397,129450,61.007,0
4202909,Brusque (SC),SC,0,634.469,128872,283.445,0
3513504,Cubatão (SP),SP,0,64.975,128741,142.281,0
3204906,São Mateus (ES),ES,0,1144.000717,128272,2343.251,0
1504422,Marituba (PA),PA,0,2843.000754,127907,103.279,0
2306405,Itapipoca (CE),CE,0,3133.000961,127501,1614.682,0
4316808,Santa Cruz do Sul (RS),RS,0,1272.000296,127442,733.473,0
3118304,Conselheiro Lafaiete (MG),MG,0,591.473,127380,369.544,0
4303103,Cachoeirinha (RS),RS,0,1119.000146,127333,43.766,0
4104204,Campo Largo (PR),PR,0,458.547,127333,1249.422,0
3300209,Araruama (RJ),RJ,0,550.879,127017,633.795,0
3304201,Resende (RJ),RJ,0,282.038,126927,1113.507,0
2307700,Maranguape (CE),CE,0,2930.000601,126534,590.824,0
3201506,Colatina (ES),ES,0,992.342,124504,1423.271,0
1501709,Bragança (PA),PA,0,2868.000833,124154,2090.234,0
3556206,Valinhos (SP),SP,0,96.827,124066,148.528,0
3202405,Guarapari (ES),ES,0,909.941,123181,592.231,0
3551702,Sertãozinho (SP),SP,0,339.083,122653,402.803,0
3302007,Itaguaí (RJ),RJ,0,408.212,122559,271.563,0
3171204,Vespasiano (MG),MG,0,613.374,122450,70.108,0
4301602,Bagé (RS),RS,0,1501.000817,122197,4095.526,0
2107506,Paço do Lumiar (MA),MA,0,2911.000463,121909,132.41,0
3543303,Ribeirão Pires (SP),SP,0,49.662,121837,99.175,0
3525003,Jandira (SP),SP,0,41.795,121506,17.523,0
5221403,Trindade (GO),GO,0,924.236,121280,713.28,0
2103307,Codó (MA),MA,0,2686.000293,120754,4364.499,0
3506508,Birigui (SP),SP,0,508.018,120701,530.651,0
3511102,Catanduva (SP),SP,0,389.121,120676,292.24,0
3505500,Barretos (SP),SP,0,428.241,120626,1563.611,0
2924009,Paulo Afonso (BA),BA,0,2241.000773,120590,1573.627,0
3518404,Guaratinguetá (SP),SP,0,187.539,120406,751.443,0
3557006,Votorantim (SP),SP,0,106.035,119901,183.998,0
3131703,Itabira (MG),MG,0,706.941,119290,1256.496,0
3554003,Tatuí (SP),SP,0,145.781,118944,524.156,0
3556503,Várzea Paulista (SP),SP,0,60.492,118924,34.627,0
4101507,Arapongas (PR),PR,0,588.205,118502,381.091,0
5008305,Três Lagoas (MS),MS,0,668.593,117498,10206.37,1
3103504,Araguari (MG),MG,0,657.138,117435,2730.632,0
3510500,Caraguatatuba (SP),SP,0,172.821,116822,483.95,0
3523404,Itatiba (SP),SP,0,85.755,116533,322.522,0
3545209,Salto (SP),SP,0,104.492,116194,134.258,0
5208004,Formosa (GO),GO,0,1085.000994,115800,5806.891,0
3539806,Poá (SP),SP,0,49.662,115484,17.179,0
2606804,Igarassu (PE),PE,0,2683.000019,115438,305.565,0
1600600,Santana (AP),AP,0,,115438,1577.517,0
4100400,Almirante Tamandaré (PR),PR,0,416.771,115376,195.145,0
2910727,Eunápolis (BA),BA,0,1522.000218,115312,1196.695,0
4302105,Bento Gonçalves (RS),RS,0,1025.000739,115102,277.303,0
3147907,Passos (MG),MG,0,390.285,114454,1339.199,0
1303403,Parintins (AM),AM,0,3556,113794,5952.333,0
3169901,Ubá (MG),MG,0,587.482,113331,407.699,0
2613701,São Lourenço da Mata (PE),PE,0,2660.00056,112108,264.346,0
3534708,Ourinhos (SP),SP,0,376.376,111806,296.203,0
2100055,Açailândia (MA),MA,0,2354.000283,111336,5806.307,0
3119401,Coronel Fabriciano (MG),MG,0,856.195,110313,221.049,0
5215231,Novo Gama (GO),GO,0,1014.000104,110110,191.675,0
4128104,Umuarama (PR),PR,0,812.895,110029,1232.799,0
5003207,Corumbá (MS),MS,0,1432.000106,109900,64960.863,1
3143906,Muriaé (MG),MG,0,632.464,108533,843.327,0
2510808,Patos (PB),PB,0,2636.000528,107788,512.791,0
4119509,Piraquara (PR),PR,0,399.762,107785,227.56,0
5220454,Senador Canedo (GO),GO,0,916.733,105535,244.745,0
4103701,Cambé (PR),PR,0,560.837,105344,494.692,0
2101202,Bacabal (MA),MA,0,2654.000953,103318,1682.601,0
3536505,Paulínia (SP),SP,0,125.783,102588,139.332,0
3302270,Japeri (RJ),RJ,0,389.527,101239,82.832,0
3526704,Leme (SP),SP,0,189.595,101186,403.077,0
2412005,São Gonçalo do Amarante (RN),RN,0,2954.000492,101169,251.308,0
1301902,Itacoatiara (AM),AM,0,4179,99838,8891.993,0
2600054,Abreu e Lima (PE),PE,0,2672.000458,99353,125.991,0
4309308,Guaíba (RS),RS,0,1157.000638,99322,376.973,0
3522109,Itanhaém (SP),SP,0,113.347,98646,599.017,0
3509007,Caieiras (SP),SP,0,40.001,98243,95.894,0
2501807,Bayeux (PB),PB,0,2769.00089,96994,31.784,0
1302504,Manacapuru (AM),AM,0,4000590,96436,7329.234,0
3528502,Mairiporã (SP),SP,0,59.943,95644,321.48,0
4107652,Fazenda Rio Grande (PR),PR,0,439.069,95260,116.676,0
2607208,Ipojuca (PE),PE,0,2626.000312,94593,527.317,0
3147105,Pará de Minas (MG),MG,0,572.963,92753,550.991,0
3133808,Itaúna (MG),MG,0,550.466,92700,495.875,0
3508504,Caçapava (SP),SP,0,113.949,92586,369.907,0
4126256,Sarandi (PR),PR,0,643.439,92302,103.226,0
3144805,Nova Lima (MG),MG,0,605.286,92219,428.449,0
3113404,Caratinga (MG),MG,0,796,91872,1250.874,0
2906501,Candeias (BA),BA,0,1939.000225,89694,264.487,0
2806701,São Cristóvão (SE),SE,0,2154.000087,89241,437.437,0
3168705,Timóteo (MG),MG,0,845.535,88941,145.159,0
5217609,Planaltina (GO),GO,0,1073.000662,88838,2539.113,0
3550605,São Roque (SP),SP,0,71.327,88485,307.553,0
3555406,Ubatuba (SP),SP,0,225.029,88324,712.116,0
3527207,Lorena (SP),SP,0,200.117,87969,413.776,0
3503901,Arujá (SP),SP,0,43.045,86456,97.448,0
3550704,São Sebastião (SP),SP,0,193,85565,403.336,0
3305554,Seropédica (RJ),RJ,0,380.213,84427,283.794,0
4307708,Esteio (RS),RS,0,1139.000461,84226,27.543,0
3170404,Unaí (MG),MG,0,962.333,83982,8463.579,0
2309706,Pacatuba (CE),CE,0,2920.00068,82875,132.427,0
4215802,São Bento do Sul (SC),SC,0,516.892,82831,495.578,0
3509601,Campo Limpo Paulista (SP),SP,0,60.094,82526,80.048,0
3513405,Cruzeiro (SP),SP,0,227.032,81710,304.572,0
2910057,'Dias d''Ávila (BA)',BA,0,,80727,207.504,0
2407104,Macaíba (RN),RN,0,2943509,80386,512.487,0
4319901,Sapiranga (RS),RS,0,1129.000667,80317,137.519,0
2606200,Goiana (PE),PE,0,2715.000978,79242,501.17,0
2301000,Aquiraz (CE),CE,0,2917.000331,79147,480.976,0
4203204,Camboriú (SC),SC,0,616.167,78783,214.5,0
3519709,Ibiúna (SP),SP,0,74.867,77562,1059.689,0
4211306,Navegantes (SC),SC,0,601.819,77193,111.461,1
3205101,Viana (ES),ES,0,941.144,76790,311.608,0
3524303,Jaboticabal (SP),SP,0,345.807,76554,706.499,0
2707701,Rio Largo (AL),AL,0,2425.00053,75691,309.425,0
3556701,Vinhedo (SP),SP,0,79.031,75164,81.742,0
3509205,Cajamar (SP),SP,0,46.694,73942,128.356,0
2402600,Ceará-Mirim (RN),RN,0,2972.000503,73835,739.686,0
2907202,Casa Nova (BA),BA,0,2240.000638,73393,9657.505,0
5219753,Santo Antônio do Descoberto (GO),GO,0,1041.000736,71885,938.309,0
2303501,Cascavel (CE),CE,0,2885.000378,71088,837.967,0
2309607,Pacajus (CE),CE,0,2875.000246,70954,254.435,0
4307906,Farroupilha (RS),RS,0,1000.000233,69559,361.788,0
3512803,Cosmópolis (SP),SP,0,141.033,69115,154.73,0
3124104,Esmeraldas (MG),MG,0,587.064,69045,909.592,0
3530508,Mococa (SP),SP,0,267.763,68979,854.074,0
1506500,Santa Izabel do Pará (PA),PA,0,2838.000529,68851,717.615,0
3515103,Embu-Guaçu (SP),SP,0,58.475,68266,155.036,0
2503209,Cabedelo (PB),PB,0,2783.000556,68081,31.265,0
5208608,Goianésia (GO),GO,0,1076.0006,67505,1547.65,0
4205902,Gaspar (SC),SC,0,622.528,67399,386.354,0
4201406,Araranguá (SC),SC,0,894.476,67097,303.799,0
5205497,Cidade Ocidental (GO),GO,0,1015.000083,66800,388.162,0
3537602,Peruíbe (SP),SP,0,137.026,66578,326.214,0
4202305,Biguaçu (SC),SC,0,675.904,66560,324.521,0
4207502,Indaial (SC),SC,0,614.011,66522,430.534,0
2305233,Horizonte (CE),CE,0,2885.00066,65992,159.972,0
4303905,Campo Bom (RS),RS,0,1137.000635,64923,61.406,0
4122404,Rolândia (PR),PR,0,575.677,64734,460.153,0
4312401,Montenegro (RS),RS,0,1180.000648,63874,420.017,0
3149309,Pedro Leopoldo (MG),MG,0,623.618,63841,291.038,0
2609402,Moreno (PE),PE,0,2634.000237,62126,195.603,0
3137601,Lagoa Santa (MG),MG,0,620.062,61799,231.994,0
3505906,Batatais (SP),SP,0,353.976,61478,850.718,0
4208302,Itapema (SC),SC,0,628.308,61256,59.022,0
1501501,Benevides (PA),PA,0,2862.000777,61013,187.868,0
2301901,Barbalha (CE),CE,0,2462.000496,59821,479.184,0
3506359,Bertioga (SP),SP,0,103.624,59348,491.701,0
3304300,Rio Bonito (RJ),RJ,0,511.581,58298,462.176,0
3533403,Nova Odessa (SP),SP,0,127.128,58239,73.298,0
3507001,Boituva (SP),SP,0,121.404,57942,249.014,0
3301850,Guapimirim (RJ),RJ,0,467.575,57686,360.813,0
4321204,Taquara (RS),RS,0,1101.000097,57542,457.13,0
3531803,Monte Mor (SP),SP,0,122.702,57262,240.787,0
3524006,Itupeva (SP),SP,0,74.025,57089,200.516,0
3300803,Cachoeiras de Macacu (RJ),RJ,0,509.139,56903,955.806,0
4314050,Parobé (RS),RS,0,1111.000919,56291,109.026,0
3546801,Santa Isabel (SP),SP,0,59.449,56017,361.494,0
4210100,Mafra (SC),SC,0,525.306,55890,1404.206,0
5206206,Cristalina (GO),GO,0,909.872,55363,6160.722,0
2313500,Trairi (CE),CE,0,3192479,55212,924.555,0
3537800,Piedade (SP),SP,0,135.566,55083,745.536,0
4207007,Içara (SC),SC,0,866.365,54844,228.055,0
4203808,Canoinhas (SC),SC,0,589.204,54384,1144.837,0
3510401,Capivari (SP),SP,0,138.663,54302,323.198,0
3531100,Mongaguá (SP),SP,0,94.653,54277,143.171,0
3524709,Jaguariúna (SP),SP,0,128.346,54243,142.437,0
4109807,Ibiporã (PR),PR,0,519.878,53359,300.187,0
1718204,Porto Nacional (TO),TO,0,1665.000883,52811,4449.892,0
2304285,Eusébio (CE),CE,0,2918.000684,52698,76.583,0
3540606,Porto Feliz (SP),SP,0,119.878,52502,556.563,0
2704708,Marechal Deodoro (AL),AL,0,2407.000359,52277,333.548,0
3503802,Artur Nogueira (SP),SP,0,152.277,52008,177.752,0
4114609,Marechal Cândido Rondon (PR),PR,0,949.888,51797,748.003,0
3509700,Campos do Jordão (SP),SP,0,181.163,51451,289.512,0
3131901,Itabirito (MG),MG,0,629.887,50829,543.007,0
4216206,São Francisco do Sul (SC),SC,0,571.373,50714,492.819,0
3303609,Paracambi (RJ),RJ,0,385.212,50614,179.374,0
3556453,Vargem Grande Paulista (SP),SP,0,48.746,50365,33.512,0
1716109,Paraíso do Tocantins (TO),TO,0,1685.000262,50359,1297.018,0
3531308,Monte Alto (SP),SP,0,359.319,49974,347.119,0
4219507,Xanxerê (SC),SC,0,840.032,49735,377.553,0
3544103,Rio Grande da Serra (SP),SP,0,48.525,49414,36.671,0
2312403,São Gonçalo do Amarante (CE),CE,0,3153.000012,48279,834.394,0
4113205,Lapa (PR),PR,0,485.496,48062,2045.893,0
3508405,Cabreúva (SP),SP,0,89.744,47890,259.807,0
2700409,Atalaia (AL),AL,0,2405.000859,47734,531.983,0
3540200,Pontal (SP),SP,0,354.965,47661,355.262,0
1301852,Iranduba (AM),AM,0,3940.000546,47402,2215.033,0
4307609,Estância Velha (RS),RS,0,1165.000267,47304,52.378,0
2921005,Mata de São João (BA),BA,0,1968.000212,46955,670.38,0
3511508,Cerquilho (SP),SP,0,148.747,46754,127.758,0
3537107,Pedreira (SP),SP,0,143.306,46603,109.71,0
3528403,Mairinque (SP),SP,0,75.906,46563,209.757,0
3527306,Louveira (SP),SP,0,71.405,45959,55.349,0
3554805,Tremembé (SP),SP,0,156.045,45910,192.416,0
5214606,Niquelândia (GO),GO,0,1206.000775,45898,9843.17,0
2929503,São Sebastião do Passé (BA),BA,0,1936777,45816,549.425,0
3545308,Salto de Pirapora (SP),SP,0,126.476,44398,280.312,0
3110004,Caeté (MG),MG,0,638.399,44379,541.094,0
2512507,Queimadas (PB),PB,0,2656.000451,44209,409.196,0
2412203,São José de Mipibu (RN),RN,0,2910.000696,43991,293.877,0
3551504,Serrana (SP),SP,0,313.008,43797,125.744,0
2211100,União (PI),PI,0,2748.000103,43744,1173.447,0
2933208,Vera Cruz (BA),BA,0,1877.000442,43658,252.759,0
3534302,Orlândia (SP),SP,0,368.017,43305,296.431,0
3525102,Jardinópolis (SP),SP,0,334.303,42913,503.355,0
4206504,Guaramirim (SC),SC,0,546.052,42889,268.119,0
4218202,Timbó (SC),SC,0,608.567,42805,127.251,0
4104006,Campina Grande do Sul (PR),PR,0,380.812,42547,539.861,0
4317608,Santo Antônio da Patrulha (RS),RS,0,,42335,1048.904,0
2109601,Rosário (MA),MA,0,2854.000911,42313,685.027,0
4215000,Rio Negrinho (SC),SC,0,527.216,42017,908.391,0
2612604,Santa Maria da Boa Vista (PE),PE,0,2284.000796,41647,3001.168,0
2702900,Girau do Ponciano (AL),AL,0,2305.000517,41287,502.15,0
5208806,Goianira (GO),GO,0,934.173,41188,200.402,0
3130101,Igarapé (MG),MG,0,538.563,41159,109.93,0
3554508,Tietê (SP),SP,0,146.089,41026,392.509,0
2929206,São Francisco do Conde (BA),BA,0,1930.000284,40236,266.631,0
4117503,Paiçandu (PR),PR,0,664.152,40161,170.837,0
2200400,Altos (PI),PI,0,2714749,39850,957.617,0
4204806,Curitibanos (SC),SC,0,731.114,39553,952.283,0
2306256,Itaitinga (CE),CE,0,2903.000003,39321,150.788,0
3518602,Guariba (SP),SP,0,338.866,39216,270.454,0
4305355,Charqueadas (RS),RS,0,1185.000126,38911,216.513,0
3539509,Pitangueiras (SP),SP,0,370.223,38890,429.577,0
3109006,Brumadinho (MG),MG,0,544.897,38882,640.15,0
4306767,Eldorado do Sul (RS),RS,0,1141.000127,38600,509.699,0
2205508,José de Freitas (PI),PI,0,2756.000439,38542,1538.205,0
1300300,Autazes (AM),AM,0,,38460,7599.282,0
2925204,Pojuca (BA),BA,0,1979777,38429,318.205,0
2308005,Massapê (CE),CE,0,3055699,38218,571.531,0
2929305,São Gonçalo dos Campos (BA),BA,0,1875.000013,37695,293.989,0
1301100,Careiro (AM),AM,0,3778.000074,37391,6091.547,0
3141108,Matozinhos (MG),MG,0,630.472,37350,252.908,0
2110203,Santa Rita (MA),MA,0,2827.000655,37117,786.081,0
4218004,Tijucas (SC),SC,0,645.106,36941,276.622,0
3502507,Aparecida (SP),SP,0,179.966,36270,120.939,0
2706901,Pilar (AL),AL,0,2398.000529,35543,248.975,0
2909901,Curaçá (BA),BA,0,,35415,6442.19,0
2308401,Missão Velha (CE),CE,0,2463.000762,35404,651.108,0
4201307,Araquari (SC),SC,0,549.867,35328,401.831,0
4213609,Porto União (SC),SC,0,646.066,35196,851.239,0
4216305,São João Batista (SC),SC,0,670.363,35103,220.726,0
4114807,Marialva (PR),PR,0,632.429,34957,475.467,0
3521002,Iperó (SP),SP,0,128.478,34940,170.94,0
4310108,Igrejinha (RS),RS,0,1117.000591,34914,136.816,0
3550407,São Pedro (SP),SP,0,195.118,34900,618.204,0
4314803,Portão (RS),RS,0,1162.000053,34708,159.942,0
3513108,Cravinhos (SP),SP,0,293.702,34651,311.341,0
1303536,Presidente Figueiredo (AM),AM,0,4027.000306,34596,25422.235,0
4114203,Mandaguari (PR),PR,0,627.399,34554,335.816,0
2708808,São Sebastião (AL),AL,0,2302.000836,34546,305.746,0
4102000,Assis Chateaubriand (PR),PR,0,880.203,34057,969.588,0
2926301,Riachão do Jacuípe (BA),BA,0,1904.000336,34023,1199.201,0
3544004,Rio das Pedras (SP),SP,0,169.375,33944,226.939,0
2310209,Paracuru (CE),CE,0,3187.000258,33898,303.253,0
2908507,Conceição do Jacuípe (BA),BA,0,1884.000963,33879,115.68,0
4122305,Rio Negro (PR),PR,0,518.808,33855,603.246,0
4308607,Garibaldi (RS),RS,0,1026.000913,33632,167.697,0
3520400,Ilhabela (SP),SP,0,203.004,33369,348.3,0
3305752,Tanguá (RJ),RJ,0,499.364,32974,146.623,0
4108809,Guaíra (PR),PR,0,922.014,32971,560.508,0
3550209,São Miguel Arcanjo (SP),SP,0,184.761,32903,930.012,0
3158953,Santana do Paraíso (MG),MG,0,855.837,32860,275.529,0
3508603,Cachoeira Paulista (SP),SP,0,212.928,32771,287.837,0
4111506,Ivaiporã (PR),PR,0,728.202,32713,432.47,0
2310258,Paraipaba (CE),CE,0,3191.000641,32520,301.123,0
3502903,Araçoiaba da Serra (SP),SP,0,124.252,32512,255.55,0
4122206,Rio Branco do Sul (PR),PR,0,431.864,32499,814.361,0
4213203,Pomerode (SC),SC,0,588.016,32338,215.904,0
5106505,Poconé (MT),MT,0,1631.000369,32258,17260.861,0
3531902,Morro Agudo (SP),SP,0,382.156,32221,1386.176,0
5215603,Padre Bernardo (GO),GO,0,1145.00097,32154,3137.903,0
2312007,Santana do Acaraú (CE),CE,0,3074.00014,32026,969.323,0
1303569,Rio Preto da Eva (AM),AM,0,3978.000975,32015,5813.197,0
3105400,Barão de Cocais (MG),MG,0,673.107,31978,340.675,0
3505609,Barrinha (SP),SP,0,342.114,31924,146.567,0
3506607,Biritiba Mirim (SP),SP,0,81.057,31795,316.717,0
4117909,Palotina (PR),PR,0,903.364,31366,651.228,0
3165537,Sarzedo (MG),MG,0,563.978,31067,61.892,0
4212502,Penha (SC),SC,0,590.451,31040,58.783,0
3526209,Juquitiba (SP),SP,0,77.473,31025,521.598,0
2109452,Raposa (MA),MA,0,2924.000889,30843,64.182,0
4306403,Dois Irmãos (RS),RS,0,1143.000881,30765,65.156,0
3157203,Santa Bárbara (MG),MG,0,683.829,30694,684.21,0
3140704,Mateus Leme (MG),MG,0,566.879,30682,302.589,0
1302553,Manaquiri (AM),AM,0,3830.000599,30251,3975.759,0
3162922,São Joaquim de Bicas (MG),MG,0,548.931,30184,72.455,0
2800605,Barra dos Coqueiros (SE),SE,0,2173.000629,29820,91.101,0
4217709,Sombrio (SC),SC,0,916.272,29708,142.745,0
4308201,Flores da Cunha (RS),RS,0,962.506,29609,272.662,0
2914505,Irará (BA),BA,0,1906.000656,29483,239.659,0
1301159,Careiro da Várzea (AM),AM,0,,29197,2631.128,0
3518305,Guararema (SP),SP,0,80.082,28980,270.496,0
2704203,Limoeiro de Anadia (AL),AL,0,2367.000953,28951,315.668,0
3537909,Pilar do Sul (SP),SP,0,152.839,28717,682.395,0
3525201,Jarinu (SP),SP,0,75.498,28554,207.671,0
5203302,Bela Vista de Goiás (GO),GO,0,912.061,28517,1276.617,0
2511202,Pedras de Fogo (PB),PB,0,2728.000248,28494,401.12,0
2403608,Extremoz (RN),RN,0,2971.000502,28335,125.665,0
4322004,Triunfo (RS),RS,0,1197.000954,28297,823.416,0
5214507,Nerópolis (GO),GO,0,935.596,28275,204.216,0
4104253,Campo Magro (PR),PR,0,431.476,28250,275.466,0
4219705,Xaxim (SC),SC,0,858.647,28205,294.715,0
4304804,Carlos Barbosa (RS),RS,0,1022.000043,28102,229.906,0
4116901,Nova Esperança (PR),PR,0,689.015,28080,401.587,0
2709202,Traipu (AL),AL,0,2312,28064,697.843,0
3526407,Laranjal Paulista (SP),SP,0,161.159,27891,386.763,0
4202107,Barra Velha (SC),SC,0,567.766,27795,140.16,0
3547502,Santa Rita do Passa Quatro (SP),SP,0,257.208,27583,752.993,0
3512209,Conchal (SP),SP,0,178.311,27553,183.826,0
2508307,Lagoa Seca (PB),PB,0,2681.000654,27540,109.342,0
4111258,Itaperuçu (PR),PR,0,433.951,27506,312.382,0
2408201,Nísia Floresta (RN),RN,0,2913185,27376,306.051,0
4318507,São José do Norte (RS),RS,0,1351.00059,27208,1117.873,0
2307106,Jardim (CE),CE,0,2421.000365,27069,457.034,0
2303204,Caririaçu (CE),CE,0,2497.000717,26888,623.823,0
2105104,Icatu (MA),MA,0,2895.000574,26834,1448.796,0
5200308,Alexânia (GO),GO,0,1014.000607,26768,847.891,0
4216503,São Joaquim (SC),SC,0,848.997,26639,1885.608,0
4313375,Nova Santa Rita (RS),RS,0,1145.00095,26472,217.868,0
2901106,Amélia Rodrigues (BA),BA,0,1892.000121,26394,124.075,0
2607752,Itapissuma (PE),PE,0,2694.000366,26344,74.249,0
2304954,Guaiúba (CE),CE,0,2913.000094,26337,267.203,0
4102109,Astorga (PR),PR,0,616.504,26193,434.791,0
3106309,Belo Oriente (MG),MG,0,875.418,26164,336.012,0
2404200,Goianinha (RN),RN,0,2890.000266,26073,192.277,0
3547601,Santa Rosa de Viterbo (SP),SP,0,293.751,26067,289.669,0
4205456,Forquilhinha (SC),SC,0,890.312,25989,181.915,0
4123501,Santa Helena (PR),PR,0,1034.000809,25912,758.229,0
3136652,Juatuba (MG),MG,0,571.974,25890,96.789,0
2607604,Ilha de Itamaracá (PE),PE,0,2700.000969,25806,65.411,0
4114302,Mandirituba (PR),PR,0,451.983,25669,379.179,0
3509403,Cajuru (SP),SP,0,303.399,25655,660.687,0
3546702,Santa Gertrudes (SP),SP,0,170.213,25649,97.694,0
4304663,Capão do Leão (RS),RS,0,1384.000891,25495,785.374,0
2608750,Lagoa Grande (PE),PE,0,,25299,1852.186,0
2704005,Junqueiro (AL),AL,0,2310.000327,25079,254.067,0
4319505,São Sebastião do Caí (RS),RS,0,1050.000446,24970,111.452,0
2908903,Coração de Maria (BA),BA,0,1897.000093,24792,372.315,0
2504603,Conde (PB),PB,0,2755.000476,24783,172.949,0
5217302,Pirenópolis (GO),GO,0,1023.000215,24751,2227.793,0
3109303,Buritis (MG),MG,0,1113.000654,24689,5219.469,0
2702355,Craíbas (AL),AL,0,2351.000364,24506,275.325,0
2512903,Rio Tinto (PB),PB,0,2822.000489,24149,466.397,0
3507803,Brodowski (SP),SP,0,348.185,24098,279.804,0
2304350,Forquilha (CE),CE,0,3052.000024,24055,516.988,0
3512407,Cordeirópolis (SP),SP,0,161.911,23797,137.337,0
4318408,São Jerônimo (RS),RS,0,1195.0007,23767,937.049,0
2930774,Sobradinho (BA),BA,0,2219.000819,23705,1322.661,0
3521408,Iracemápolis (SP),SP,0,162.097,23271,115.947,0
3553302,Tambaú (SP),SP,0,263.082,23262,561.566,0
2304004,Coreaú (CE),CE,0,3000.000392,23106,775.746,0
2105500,João Lisboa (MA),MA,0,2351.000503,23020,1126.517,0
2908200,Conceição da Feira (BA),BA,0,1871.000499,23014,159.776,0
2916104,Itaparica (BA),BA,0,1893.000074,22862,115.922,0
3548005,Santo Antônio de Posse (SP),SP,0,143.963,22801,154.113,0
2702603,Feira Grande (AL),AL,0,2308207,22472,155.974,0
2407807,Monte Alegre (RN),RN,0,2922.000865,22459,199.519,0
4100509,Altônia (PR),PR,0,892.306,21986,661.558,0
3513603,Cunha (SP),SP,0,233.031,21923,1407.172,0
2503001,Caaporã (PB),PB,0,2731.000539,21873,150.168,0
2100204,Alcântara (MA),MA,0,2959.000215,21661,1483.232,0
4208104,Itaiópolis (SC),SC,0,553.352,21500,1295.319,0
4319000,São Marcos (RS),RS,0,947.131,21364,256.254,0
4112108,Jandaia do Sul (PR),PR,0,627.985,21338,187.6,0
4106605,Cruzeiro do Oeste (PR),PR,0,785.964,21199,779.222,0
4219002,Urussanga (SC),SC,0,867.998,21169,240.476,0
1713205,Miracema do Tocantins (TO),TO,0,1790.000625,19040,2656.078,0
