,cod_cidade,cidade,uf,loggi,dist_caj,populcao,area,malha_aerea,importancia,dens_pop,f
0,3545803,Santa Bárbara d'Oeste (SP),SP,0,,191863,271.492,0,0,706.698539920145,0.03533492699600725
1,1600600,Santana (AP),AP,0,,115438,1577.517,0,0,73.17702439973705,0.0036588512199868524
2,2910057,Dias d'Ávila (BA),BA,0,,80727,207.50400000000002,0,0,389.03828359935227,0.019451914179967614
3,4317608,Santo Antônio da Patrulha (RS),RS,0,,42335,1048.904,0,0,40.361176999992374,0.0020180588499996185
4,1300300,Autazes (AM),AM,0,,38460,7599.281999999999,0,0,5.061004447525438,0.0002530502223762719
5,2909901,Curaçá (BA),BA,0,,35415,6442.19,0,0,5.497354160619293,0.0002748677080309646
6,1301159,Careiro da Várzea (AM),AM,0,,29197,2631.1279999999997,0,0,11.096761541057678,0.0005548380770528839
7,2608750,Lagoa Grande (PE),PE,0,,25299,1852.1860000000001,0,0,13.658995370875278,0.0006829497685437639
8,1302504,Manacapuru (AM),AM,0,4000.59,96436,7329.234,0,0,13.157718801173491,0.0006578859400586745
9,2313500,Trairi (CE),CE,0,3192.4790000000003,55212,924.555,0,0,59.71737754919935,0.0029858688774599676
10,2308005,Massapê (CE),CE,0,3055.699,38218,571.531,0,0,66.8695136396801,0.0033434756819840047
11,2407104,Macaíba (RN),RN,0,2943.509,80386,512.487,0,0,156.8547104609483,0.007842735523047414
12,2408201,Nísia Floresta (RN),RN,0,2913.185,27376,306.051,0,0,89.44914409689889,0.004472457204844945
13,2200400,Altos (PI),PI,0,2714.7490000000003,39850,957.617,0,0,41.6137140422528,0.0020806857021126402
14,2702603,Feira Grande (AL),AL,0,2308.2070000000003,22472,155.974,0,0,144.07529460038214,0.0072037647300191065
15,2925204,Pojuca (BA),BA,0,1979.777,38429,318.205,0,0,120.76805832717902,0.006038402916358951
16,2929503,São Sebastião do Passé (BA),BA,0,1936.777,45816,549.425,0,0,83.38899758838787,0.004169449879419394
17,1400100,Boa Vista (RR),RR,0,4650.000299,332025,5687.064,0,1,58.382497541789576,0.10291912487708949
18,1301902,Itacoatiara (AM),AM,0,4179.0,99838,8891.993,0,0,11.227854093002547,0.0005613927046501274
19,1303536,Presidente Figueiredo (AM),AM,0,4027.0003060000004,34596,25422.235,0,0,1.3608559593599854,6.804279796799926e-05
20,1303569,Rio Preto da Eva (AM),AM,0,3978.000975,32015,5813.196999999999,0,0,5.5072965874027675,0.0002753648293701384
21,1301852,Iranduba (AM),AM,0,3940.000546,47402,2215.033,0,0,21.400132639107408,0.0010700066319553705
22,1302603,Manaus (AM),AM,1,3900.0007149999997,2130330,11401.058,1,1,186.85371129591655,0.20934268556479585
23,1302553,Manaquiri (AM),AM,0,3830.0005990000004,30251,3975.759,0,0,7.60886160353281,0.0003804430801766405
24,1301100,Careiro (AM),AM,0,3778.000074,37391,6091.547,0,0,6.138178035891376,0.0003069089017945688
25,1303403,Parintins (AM),AM,0,3556.0,113794,5952.3330000000005,0,2,19.11754601095066,0.20095587730054754
26,1200401,Rio Branco (AC),AC,0,3526.0,383452,9222.577,0,1,41.57753304743349,0.10207887665237168
27,1600303,Macapá (AP),AP,0,3402.0,474699,6407.1230000000005,0,1,74.08925971922187,0.1037044629859611
28,1506807,Santarém (PA),PA,0,3377.000337,296159,17876.647,0,1,16.566809200852934,0.10082834046004266
29,2310258,Paraipaba (CE),CE,0,3191.000641,32520,301.123,0,0,107.99573596171665,0.005399786798085832
30,2310209,Paracuru (CE),CE,0,3187.000258,33898,303.253,0,0,111.78125195793612,0.005589062597896806
31,2312403,São Gonçalo do Amarante (CE),CE,0,3153.000012,48279,834.3939999999999,0,0,57.86115432277798,0.0028930577161388987
32,2306405,Itapipoca (CE),CE,0,3133.0009609999997,127501,1614.682,0,0,78.96353585411865,0.0039481767927059324
33,2303709,Caucaia (CE),CE,0,3116.000403,362360,1227.895,0,0,295.10666628661244,0.014755333314330621
34,2312007,Santana do Acaraú (CE),CE,0,3074.0001399999996,32026,969.323,0,0,33.03955441065568,0.001651977720532784
35,2304350,Forquilha (CE),CE,0,3052.000024,24055,516.988,0,0,46.529126401386485,0.002326456320069324
36,2312908,Sobral (CE),CE,0,3037.000157,205577,2122.989,0,0,96.83375655738207,0.004841687827869104
37,1100205,Porto Velho (RO),RO,0,3013.000203,519563,34082.366,1,2,15.244334856330102,0.40076221674281653
38,2207702,Parnaíba (PI),PI,0,3011.00088,150504,435.564,1,0,345.5381987492079,0.017276909937460394
39,2304004,Coreaú (CE),CE,0,3000.0003920000004,23106,775.7460000000001,0,0,29.785522580844756,0.0014892761290422377
40,2402600,Ceará-Mirim (RN),RN,0,2972.000503,73835,739.686,0,0,99.81938281919625,0.004990969140959813
41,2403608,Extremoz (RN),RN,0,2971.000502,28335,125.665,0,0,225.4804440377193,0.011274022201885966
42,2100204,Alcântara (MA),MA,0,2959.000215,21661,1483.2320000000002,0,0,14.603919009298611,0.0007301959504649306
43,2412005,São Gonçalo do Amarante (RN),RN,0,2954.000492,101169,251.308,0,0,402.5697550416223,0.020128487752081113
44,2408102,Natal (RN),RN,0,2947.0009,885077,170.298,1,3,5197.224864649027,0.8598612432324513
45,2307650,Maracanaú (CE),CE,0,2930.0006789999998,224831,105.696,0,0,2127.147668785952,0.10635738343929761
46,2307700,Maranguape (CE),CE,0,2930.000601,126534,590.8240000000001,0,0,214.16530134185473,0.010708265067092736
47,2403251,Parnamirim (RN),RN,0,2929.000731,254919,120.20200000000001,0,0,2120.755062311775,0.10603775311558875
48,2304400,Fortaleza (CE),CE,1,2928.000994,2627745,313.14,1,1,8391.598007281089,0.6195799003640545
49,2109452,Raposa (MA),MA,0,2924.000889,30843,64.182,0,0,480.5552958773488,0.02402776479386744
50,2407807,Monte Alegre (RN),RN,0,2922.000865,22459,199.519,0,0,112.56572055794184,0.005628286027897092
51,2309706,Pacatuba (CE),CE,0,2920.00068,82875,132.42700000000002,0,0,625.8164875742862,0.031290824378714305
52,2304285,Eusébio (CE),CE,0,2918.000684,52698,76.583,0,0,688.1161615502135,0.034405808077510674
53,2301000,Aquiraz (CE),CE,0,2917.0003309999997,79147,480.976,0,0,164.55498819067896,0.008227749409533948
54,2111201,São José de Ribamar (MA),MA,0,2914.000343,177651,386.282,0,0,459.89976234978593,0.022994988117489297
55,2304954,Guaiúba (CE),CE,0,2913.000094,26337,267.203,0,0,98.56551011777563,0.004928275505888782
56,2107506,Paço do Lumiar (MA),MA,0,2911.000463,121909,132.41,0,0,920.693301110188,0.046034665055509405
57,2412203,São José de Mipibu (RN),RN,0,2910.000696,43991,293.877,0,0,149.69187789449327,0.007484593894724664
58,2111300,São Luís (MA),MA,0,2905.000239,1091347,827.1410000000001,1,3,1319.420751721895,0.6659710375860948
59,2306256,Itaitinga (CE),CE,0,2903.000003,39321,150.78799999999998,0,0,260.7700878053957,0.013038504390269785
60,2105104,Icatu (MA),MA,0,2895.0005739999997,26834,1448.796,0,0,18.521586199851463,0.0009260793099925732
61,2404200,Goianinha (RN),RN,0,2890.000266,26073,192.27700000000002,0,0,135.60124195821652,0.006780062097910826
62,2305233,Horizonte (CE),CE,0,2885.00066,65992,159.972,0,0,412.5221913834921,0.020626109569174603
63,2303501,Cascavel (CE),CE,0,2885.000378,71088,837.967,0,0,84.8338896400455,0.004241694482002275
64,2309607,Pacajus (CE),CE,0,2875.000246,70954,254.435,0,0,278.8688663116317,0.013943443315581583
65,1501709,Bragança (PA),PA,0,2868.0008329999996,124154,2090.234,0,0,59.39717754088777,0.002969858877044388
66,1501501,Benevides (PA),PA,0,2862.0007769999997,61013,187.868,0,0,324.7652607149701,0.016238263035748504
67,1501402,Belém (PA),PA,0,2859.000436,1451439,1064.9180000000001,1,1,1362.9584625295092,0.2681479231264755
68,2109601,Rosário (MA),MA,0,2854.000911,42313,685.0269999999999,0,0,61.76836825409802,0.003088418412704901
69,1504422,Marituba (PA),PA,0,2843.0007539999997,127907,103.279,0,0,1238.4608681338898,0.06192304340669449
70,1500800,Ananindeua (PA),PA,0,2842.0004670000003,515927,185.05700000000002,0,0,2787.935609028569,0.13939678045142845
71,1506500,Santa Izabel do Pará (PA),PA,0,2838.000529,68851,717.615,0,0,95.94420406485372,0.004797210203242686
72,2110203,Santa Rita (MA),MA,0,2827.0006550000003,37117,786.081,0,0,47.2177803559684,0.00236088901779842
73,2512903,Rio Tinto (PB),PB,0,2822.000489,24149,466.397,0,0,51.77777730131197,0.0025888888650655987
74,1502400,Castanhal (PA),PA,0,2808.000689,195249,1029.191,0,0,189.71114205234986,0.009485557102617493
75,2513703,Santa Rita (PB),PB,0,2788.000371,136849,726.565,0,0,188.35066373965162,0.009417533186982581
76,2503209,Cabedelo (PB),PB,0,2783.000556,68081,31.265,0,0,2177.5467775467773,0.10887733887733887
77,2408003,Mossoró (RN),RN,0,2779.000273,295641,2110.2070000000003,0,1,140.1004735554379,0.1070050236777719
78,1502103,Cametá (PA),PA,0,2778.000279,134080,3081.36,0,0,43.513253887893654,0.002175662694394683
79,2507507,João Pessoa (PB),PB,0,2773.000992,811847,210.551,1,3,3855.82115496958,0.792791057748479
80,2501807,Bayeux (PB),PB,0,2769.00089,96994,31.784000000000002,0,0,3051.6612131890256,0.1525830606594513
81,1500107,Abaetetuba (PA),PA,0,2759.000523,153334,1610.743,0,0,95.1945779059726,0.00475972889529863
82,2205508,José de Freitas (PI),PI,0,2756.000439,38542,1538.205,0,0,25.056478167734472,0.0012528239083867236
83,2504603,Conde (PB),PB,0,2755.000476,24783,172.949,0,0,143.29657876021253,0.0071648289380106265
84,2211100,União (PI),PI,0,2748.0001030000003,43744,1173.447,0,0,37.278206855529056,0.001863910342776453
85,2503001,Caaporã (PB),PB,0,2731.000539,21873,150.168,0,0,145.6568643119706,0.007282843215598529
86,2511202,Pedras de Fogo (PB),PB,0,2728.000248,28494,401.12,0,0,71.03609892301556,0.003551804946150778
87,2606200,Goiana (PE),PE,0,2715.000978,79242,501.17,0,0,158.11401320909073,0.007905700660454536
88,2103000,Caxias (MA),MA,0,2708.000853,162614,5223.981,0,0,31.12836742706377,0.0015564183713531884
89,2607604,Ilha de Itamaracá (PE),PE,0,2700.000969,25806,65.411,0,0,394.5207992539481,0.019726039962697405
90,2607752,Itapissuma (PE),PE,0,2694.000366,26344,74.249,0,0,354.80612533502136,0.017740306266751067
91,2112209,Timon (MA),MA,0,2689.000172,167625,1740.559,0,0,96.30526744568843,0.004815263372284421
92,2211001,Teresina (PI),PI,0,2686.000729,850083,1670.7979999999998,1,3,508.78861478167926,0.6254394307390839
93,2103307,Codó (MA),MA,0,2686.000293,120754,4364.499,0,0,27.667322182912635,0.0013833661091456318
94,2606804,Igarassu (PE),PE,0,2683.000019,115438,305.565,0,0,377.7854139053884,0.018889270695269418
95,2508307,Lagoa Seca (PB),PB,0,2681.000654,27540,109.34200000000001,0,0,251.87027857547875,0.012593513928773937
96,2610707,Paulista (PE),PE,0,2674.000884,328387,93.51799999999999,0,0,3511.4844201116366,0.17557422100558184
97,2504009,Campina Grande (PB),PB,0,2673.000975,410310,620.628,1,2,661.1206713200178,0.4330560335660009
98,2600054,Abreu e Lima (PE),PE,0,2672.000458,99353,125.991,0,0,788.5721996015589,0.039428609980077946
99,2613701,São Lourenço da Mata (PE),PE,0,2660.00056,112108,264.346,0,0,424.0956927662987,0.021204784638314936
100,2603454,Camaragibe (PE),PE,0,2659.000625,156369,55.083,0,0,2838.7887369968958,0.14193943684984478
101,2609600,Olinda (PE),PE,0,2657.000836,390690,43.548,0,0,8971.479746486635,0.44857398732433174
102,2512507,Queimadas (PB),PB,0,2656.0004510000003,44209,409.19599999999997,0,0,108.03869050528354,0.005401934525264177
103,2611606,Recife (PE),PE,1,2655.00049,1633588,217.49400000000003,1,1,7510.956624090779,0.575547831204539
104,2101202,Bacabal (MA),MA,0,2654.000953,103318,1682.601,0,0,61.403743371126005,0.0030701871685563003
105,1100122,Ji-Paraná (RO),RO,0,2638.000594,132642,6896.781999999999,0,3,19.232447828567008,0.3009616223914283
106,2510808,Patos (PB),PB,0,2636.000528,107788,512.7909999999999,0,0,210.19869693500863,0.010509934846750432
107,2607901,Jaboatão dos Guararapes (PE),PE,0,2635.000335,695978,256.073,0,0,2717.8890394535933,0.13589445197267966
108,2609402,Moreno (PE),PE,0,2634.000237,62126,195.60299999999998,0,0,317.6127155513975,0.015880635777569877
109,2607208,Ipojuca (PE),PE,0,2626.000312,94593,527.317,0,0,179.38545504886056,0.008969272752443028
110,2616407,Vitória de Santo Antão (PE),PE,0,2616.000763,137576,371.796,0,0,370.03087714768316,0.01850154385738416
111,2602902,Cabo de Santo Agostinho (PE),PE,0,2614.00017,204693,447.875,0,0,457.0315378174714,0.02285157689087357
112,2604106,Caruaru (PE),PE,0,2531.000703,356249,920.61,0,3,386.9705955833632,0.31934852977916817
113,2303204,Caririaçu (CE),CE,0,2497.0007170000003,26888,623.823,0,0,43.10196962920572,0.002155098481460286
114,2304202,Crato (CE),CE,0,2480.000747,130620,1009.202,0,0,129.4289943935902,0.006471449719679509
115,2307304,Juazeiro do Norte (CE),CE,0,2470.000242,270428,248.558,1,1,1087.9875119690375,0.2543993755984519
116,2308401,Missão Velha (CE),CE,0,2463.000762,35404,651.1080000000001,0,0,54.37500383960879,0.002718750191980439
117,1504208,Marabá (PA),PA,0,2463.000159,271660,15092.268,0,1,17.999945402506768,0.10089999727012534
118,2301901,Barbalha (CE),CE,0,2462.000496,59821,479.184,0,0,124.83931016060636,0.006241965508030318
119,2606002,Garanhuns (PE),PE,0,2432.000008,138639,472.462,0,0,293.4394723808476,0.01467197361904238
120,2707701,Rio Largo (AL),AL,0,2425.0005300000003,75691,309.425,0,0,244.61824351619939,0.012230912175809969
121,2704302,Maceió (AL),AL,0,2423.0002449999997,1029166,510.655,1,3,2015.3841634763198,0.7007692081738159
122,2307106,Jardim (CE),CE,0,2421.000365,27069,457.034,0,0,59.22754105821449,0.0029613770529107247
123,2704708,Marechal Deodoro (AL),AL,0,2407.000359,52277,333.548,0,0,156.7300658376006,0.007836503291880029
124,2700409,Atalaia (AL),AL,0,2405.0008589999998,47734,531.9830000000001,0,0,89.72843117167277,0.0044864215585836385
125,2706901,Pilar (AL),AL,0,2398.000529,35543,248.975,0,0,142.75730495029623,0.007137865247514812
126,1505536,Parauapebas (PA),PA,0,2396.000008,202653,7007.736999999999,0,3,28.918465404737653,0.3014459232702369
127,2704203,Limoeiro de Anadia (AL),AL,0,2367.000953,28951,315.668,0,0,91.71344577214035,0.0045856722886070175
128,2100055,Açailândia (MA),MA,0,2354.000283,111336,5806.307,0,0,19.175010897632525,0.0009587505448816262
129,2105500,João Lisboa (MA),MA,0,2351.000503,23020,1126.517,0,0,20.43466720875051,0.0010217333604375255
130,2702355,Craíbas (AL),AL,0,2351.000364,24506,275.325,0,0,89.00753654771634,0.004450376827385817
131,2700300,Arapiraca (AL),AL,0,2328.0000370000002,234177,351.475,0,0,666.2692936908742,0.03331346468454371
132,2709202,Traipu (AL),AL,0,2312.0,28064,697.8430000000001,0,0,40.21534929776468,0.002010767464888234
133,2704005,Junqueiro (AL),AL,0,2310.0003269999997,25079,254.067,0,0,98.71018274707065,0.0049355091373535324
134,2702900,Girau do Ponciano (AL),AL,0,2305.0005170000004,41287,502.15,0,0,82.22045205615852,0.004111022602807926
135,2708808,São Sebastião (AL),AL,0,2302.000836,34546,305.746,0,0,112.9892132685301,0.005649460663426505
136,2105302,Imperatriz (MA),MA,0,2287.000837,254461,1367.901,1,1,186.0229651122413,0.20930114825561208
137,2612604,Santa Maria da Boa Vista (PE),PE,0,2284.0007960000003,41647,3001.1679999999997,0,0,13.876930581693529,0.0006938465290846765
138,2924009,Paulo Afonso (BA),BA,0,2241.000773,120590,1573.6270000000002,0,0,76.63188290490693,0.0038315941452453464
139,2907202,Casa Nova (BA),BA,0,2240.000638,73393,9657.505,0,0,7.599581879584842,0.0003799790939792421
140,2930774,Sobradinho (BA),BA,0,2219.0008190000003,23705,1322.661,0,0,17.92220379976426,0.0008961101899882131
141,2611101,Petrolina (PE),PE,0,2178.000419,343422,4558.537,1,1,75.33601240924445,0.20376680062046224
142,2800605,Barra dos Coqueiros (SE),SE,0,2173.000629,29820,91.101,0,0,327.3290084631343,0.016366450423156716
143,2918407,Juazeiro (BA),BA,0,2173.000236,222088,6389.6230000000005,0,0,34.7576061999276,0.00173788030999638
144,2800308,Aracaju (SE),SE,0,2168.000644,650200,174.053,1,3,3735.643740699672,0.7867821870349836
145,2804805,Nossa Senhora do Socorro (SE),SE,0,2166.000364,181946,157.515,0,0,1155.1026886328286,0.05775513443164143
146,2806701,São Cristóvão (SE),SE,0,2154.000087,89241,437.43699999999995,0,0,204.0088058394695,0.010200440291973475
147,1702109,Araguaína (TO),TO,0,2042.00055,175996,4000.395,0,1,43.99465552776663,0.10219973277638833
148,5107909,Sinop (MT),MT,0,2003.000711,135934,3194.3390000000004,0,0,42.5546568476295,0.002127732842381475
149,2919207,Lauro de Freitas (BA),BA,0,1973.000963,197801,59.905,0,0,3301.9113596527836,0.1650955679826392
150,2927408,Salvador (BA),BA,1,1973.0,2953716,706.799,1,1,4179.004214776762,0.4089502107388381
151,2921005,Mata de São João (BA),BA,0,1968.0002120000001,46955,670.38,0,0,70.04236403233986,0.003502118201616993
152,2905701,Camaçari (BA),BA,0,1955.0001519999998,297173,759.802,0,0,391.1190020557987,0.019555950102789935
153,2930709,Simões Filho (BA),BA,0,1946.0008699999998,136094,192.16299999999998,0,0,708.2216659814845,0.03541108329907423
154,2906501,Candeias (BA),BA,0,1939.000225,89694,264.487,0,0,339.12441821337154,0.016956220910668576
155,2900702,Alagoinhas (BA),BA,0,1936.000886,156156,733.9689999999999,0,0,212.75557959532352,0.010637778979766177
156,2929206,São Francisco do Conde (BA),BA,0,1930.000284,40236,266.631,0,0,150.90518356830228,0.007545259178415114
157,2914505,Irará (BA),BA,0,1906.000656,29483,239.65900000000002,0,0,123.02062513821721,0.006151031256910861
158,2926301,Riachão do Jacuípe (BA),BA,0,1904.0003359999998,34023,1199.201,0,0,28.371390617586208,0.0014185695308793103
159,2908903,Coração de Maria (BA),BA,0,1897.0000929999999,24792,372.315,0,0,66.58877563353612,0.003329438781676806
160,2916104,Itaparica (BA),BA,0,1893.0000739999998,22862,115.92200000000001,0,0,197.21881955107742,0.009860940977553872
161,2901106,Amélia Rodrigues (BA),BA,0,1892.000121,26394,124.075,0,0,212.726173685271,0.01063630868426355
162,2908507,Conceição do Jacuípe (BA),BA,0,1884.000963,33879,115.68,0,0,292.86825726141075,0.014643412863070537
163,2933208,Vera Cruz (BA),BA,0,1877.0004420000002,43658,252.75900000000001,0,0,172.72579809225388,0.008636289904612694
164,2929305,São Gonçalo dos Campos (BA),BA,0,1875.0000129999999,37695,293.98900000000003,0,0,128.21908302691597,0.006410954151345799
165,2908200,Conceição da Feira (BA),BA,0,1871.0004989999998,23014,159.776,0,0,144.03915481674343,0.007201957740837171
166,2910800,Feira de Santana (BA),BA,0,1857.000341,627478,1362.88,1,0,460.40590514205206,0.023020295257102603
167,1713205,Miracema do Tocantins (TO),TO,0,1790.000625,19040,2656.078,0,0,7.168464179139318,0.0003584232089569659
168,1721000,Palmas (TO),TO,0,1722.0006690000002,287017,2218.9339999999997,1,2,129.34904778600898,0.4064674523893005
169,2913606,Ilhéus (BA),BA,0,1691.000635,176141,1840.991,1,2,95.67727381611317,0.40478386369080566
170,1716109,Paraíso do Tocantins (TO),TO,0,1685.000262,50359,1297.018,0,0,38.82675491010919,0.0019413377455054595
171,1718204,Porto Nacional (TO),TO,0,1665.000883,52811,4449.892,0,0,11.86792848006199,0.0005933964240030995
172,2914802,Itabuna (BA),BA,0,1660.0001960000002,220984,443.19800000000004,0,0,498.61235835901783,0.02493061791795089
173,5106505,Poconé (MT),MT,0,1631.0003689999999,32258,17260.861,0,0,1.8688523127554297,9.344261563777149e-05
174,2903201,Barreiras (BA),BA,0,1616.000506,157058,7895.241,0,1,19.892742982766453,0.10099463714913832
175,2918001,Jequié (BA),BA,0,1610.000549,162152,3035.423,0,0,53.41990226732815,0.002670995113366407
176,2925303,Porto Seguro (BA),BA,0,1585.000322,149410,2408.594,1,3,62.03204026913627,0.6031016020134568
177,4322400,Uruguaiana (RS),RS,0,1545.000918,129760,5715.781999999999,0,0,22.702055466776027,0.0011351027733388014
178,5108402,Várzea Grande (MT),MT,0,1531.000945,273934,938.057,0,0,292.0227662071708,0.014601138310358539
179,5103403,Cuiabá (MT),MT,0,1527.000113,589902,3538.167,1,3,166.72531285267203,0.6083362656426335
180,2910727,Eunápolis (BA),BA,0,1522.000218,115312,1196.695,0,0,96.3587213116124,0.00481793606558062
181,4301602,Bagé (RS),RS,0,1501.000817,122197,4095.526,0,0,29.83670473585078,0.001491835236792539
182,2933307,Vitória da Conquista (BA),BA,0,1456.000622,348757,3204.257,0,2,108.84176893426464,0.20544208844671324
183,5003207,Corumbá (MS),MS,0,1432.000106,109900,64960.863,1,3,1.6917878692590647,0.600084589393463
184,4314407,Pelotas (RS),RS,0,1385.000784,344357,1608.7679999999998,0,1,214.05013028603256,0.11070250651430164
185,4304663,Capão do Leão (RS),RS,0,1384.000891,25495,785.3739999999999,0,0,32.462240919612825,0.0016231120459806413
186,4315602,Rio Grande (RS),RS,0,1358.000814,209380,2813.907,0,0,74.40899788088234,0.0037204498940441168
187,4318507,São José do Norte (RS),RS,0,1351.00059,27208,1117.873,0,0,24.339079662895514,0.0012169539831447757
188,2931350,Teixeira de Freitas (BA),BA,0,1324.000182,161767,1153.7910000000002,0,0,140.20476845459876,0.007010238422729938
189,5107602,Rondonópolis (MT),MT,0,1315.000267,222393,4165.232,0,3,53.39270417590185,0.3026696352087951
190,4316808,Santa Cruz do Sul (RS),RS,0,1272.0002960000002,127442,733.4730000000001,0,0,173.75145370040886,0.008687572685020442
191,4316907,Santa Maria (RS),RS,0,1266.000269,278455,1779.556,0,2,156.47442395743656,0.20782372119787185
192,5214606,Niquelândia (GO),GO,0,1206.000775,45898,9843.17,0,0,4.662928710974208,0.00023314643554871043
193,4322004,Triunfo (RS),RS,0,1197.0009539999999,28297,823.416,0,0,34.36537546027767,0.0017182687730138834
194,4318408,São Jerônimo (RS),RS,0,1195.0007,23767,937.049,0,0,25.36366828202154,0.001268183414101077
195,4305355,Charqueadas (RS),RS,0,1185.000126,38911,216.513,0,0,179.71669137649934,0.008985834568824968
196,4312401,Montenegro (RS),RS,0,1180.000648,63874,420.017,0,0,152.0747969725035,0.0076037398486251745
197,4307609,Estância Velha (RS),RS,0,1165.000267,47304,52.378,0,0,903.1272671732406,0.04515636335866203
198,4314803,Portão (RS),RS,0,1162.000053,34708,159.942,0,0,217.0036638281377,0.010850183191406884
199,4309308,Guaíba (RS),RS,0,1157.000638,99322,376.973,0,0,263.47245028158517,0.013173622514079258
200,4318705,São Leopoldo (RS),RS,0,1150.000714,230944,102.31299999999999,0,0,2257.230263993823,0.11286151319969115
201,5215603,Padre Bernardo (GO),GO,0,1145.0009699999998,32154,3137.903,0,0,10.246970667990693,0.0005123485333995346
202,4313375,Nova Santa Rita (RS),RS,0,1145.00095,26472,217.868,0,0,121.50476435272735,0.006075238217636367
203,3204906,São Mateus (ES),ES,0,1144.000717,128272,2343.251,0,0,54.741041399320856,0.0027370520699660427
204,4306403,Dois Irmãos (RS),RS,0,1143.0008810000002,30765,65.156,0,0,472.17447357112155,0.023608723678556078
205,4306767,Eldorado do Sul (RS),RS,0,1141.000127,38600,509.699,0,0,75.73097063168655,0.003786548531584327
206,4307708,Esteio (RS),RS,0,1139.0004609999999,84226,27.543000000000003,0,0,3057.9820644083793,0.15289910322041897
207,4303905,Campo Bom (RS),RS,0,1137.0006349999999,64923,61.406000000000006,0,0,1057.2745334332149,0.05286372667166074
208,4313409,Novo Hamburgo (RS),RS,0,1136.000533,249479,223.606,0,0,1115.707986368881,0.05578539931844405
209,4323002,Viamão (RS),RS,0,1133.000322,253715,1494.263,0,0,169.79273394308768,0.008489636697154385
210,4304606,Canoas (RS),RS,0,1132.0007480000002,343856,131.097,0,0,2622.9128050222353,0.13114564025111175
211,4319901,Sapiranga (RS),RS,0,1129.000667,80317,137.519,0,0,584.0429322493619,0.029202146612468095
212,4320008,Sapucaia do Sul (RS),RS,0,1129.000294,139481,58.644,0,0,2378.4359866311984,0.11892179933155991
213,4300604,Alvorada (RS),RS,0,1126.000649,208181,70.811,0,0,2939.9528321870894,0.14699764160935447
214,4309209,Gravataí (RS),RS,0,1123.000108,275176,463.75800000000004,0,0,593.3611926910155,0.029668059634550777
215,4303103,Cachoeirinha (RS),RS,0,1119.000146,127333,43.766000000000005,0,0,2909.4045606178306,0.14547022803089152
216,4310108,Igrejinha (RS),RS,0,1117.000591,34914,136.816,0,0,255.18945152613728,0.012759472576306864
217,3109303,Buritis (MG),MG,0,1113.000654,24689,5219.469,0,0,4.730174659529542,0.0002365087329764771
218,4314050,Parobé (RS),RS,0,1111.0009189999998,56291,109.02600000000001,0,0,516.3080366151192,0.025815401830755962
219,4314902,Porto Alegre (RS),RS,1,1107.0,1484863,496.827,1,1,2988.6922409611393,0.349434612048057
220,4321204,Taquara (RS),RS,0,1101.000097,57542,457.13,0,0,125.87666528121103,0.006293833264060552
221,3203205,Linhares (ES),ES,0,1089.000047,169296,3501.6040000000003,0,0,48.348128457701094,0.0024174064228850546
222,5208004,Formosa (GO),GO,0,1085.000994,115800,5806.891,0,0,19.941824291174058,0.000997091214558703
223,5208608,Goianésia (GO),GO,0,1076.0006,67505,1547.65,0,0,43.617743029754784,0.0021808871514877393
224,5217609,Planaltina (GO),GO,0,1073.000662,88838,2539.113,0,0,34.98780873478258,0.0017493904367391292
225,5200258,Águas Lindas de Goiás (GO),GO,0,1071.0008070000001,195922,191.19799999999998,0,0,1024.7073714160192,0.05123536857080096
226,3168606,Teófilo Otoni (MG),MG,0,1061.0008970000001,141908,3242.8179999999998,0,0,43.760704424361776,0.0021880352212180886
227,4108304,Foz do Iguaçu (PR),PR,0,1060.0007,263989,617.701,1,3,427.37343795784693,0.6213686718978924
228,4319505,São Sebastião do Caí (RS),RS,0,1050.000446,24970,111.45200000000001,0,0,224.0426371891038,0.01120213185945519
229,5219753,Santo Antônio do Descoberto (GO),GO,0,1041.000736,71885,938.309,0,0,76.61122295533774,0.003830561147766887
230,4123501,Santa Helena (PR),PR,0,1034.000809,25912,758.2289999999999,0,0,34.1743721224063,0.0017087186061203149
231,4308607,Garibaldi (RS),RS,0,1026.000913,33632,167.697,0,0,200.5521863837755,0.010027609319188776
232,4302105,Bento Gonçalves (RS),RS,0,1025.000739,115102,277.303,0,0,415.07664900848533,0.020753832450424267
233,5217302,Pirenópolis (GO),GO,0,1023.000215,24751,2227.7929999999997,0,0,11.110098649201252,0.0005555049324600626
234,4304804,Carlos Barbosa (RS),RS,0,1022.000043,28102,229.90599999999998,0,0,122.23256461336373,0.006111628230668187
235,5205497,Cidade Ocidental (GO),GO,0,1015.000083,66800,388.162,0,0,172.09309515099366,0.008604654757549682
236,5200308,Alexânia (GO),GO,0,1014.0006070000001,26768,847.8910000000001,0,0,31.570095684468875,0.0015785047842234437
237,5215231,Novo Gama (GO),GO,0,1014.000104,110110,191.675,0,0,574.4619799139167,0.028723098995695834
238,5201108,Anápolis (GO),GO,0,1012.0,375103,918.375,0,0,408.4420852048455,0.020422104260242276
239,5003702,Dourados (MS),MS,0,1007.000715,218063,4086.387,1,1,53.36327665490322,0.20266816383274516
240,5221858,Valparaíso de Goiás (GO),GO,0,1005.0009349999999,159559,60.111000000000004,0,0,2654.406015537921,0.13272030077689606
241,5300108,Brasília (DF),DF,1,1003.0,3039444,5801.937,1,2,523.8671154133525,0.42619335577066764
242,4307906,Farroupilha (RS),RS,0,1000.000233,69559,361.788,0,0,192.26453060908597,0.009613226530454298
243,5002704,Campo Grande (MS),MS,0,993.8380000000001,874184,8096.0509999999995,1,3,107.97659253875749,0.6053988296269378
244,3201506,Colatina (ES),ES,0,992.342,124504,1423.271,0,0,87.47736727580342,0.004373868363790171
245,4314100,Passo Fundo (RS),RS,0,992.2639999999999,198820,780.355,1,2,254.7814776608082,0.41273907388304043
246,5212501,Luziânia (GO),GO,0,991.497,199619,3961.5359999999996,0,0,50.38929344577458,0.002519464672288729
247,3143302,Montes Claros (MG),MG,0,985.573,402118,3582.034,0,2,112.25968262724474,0.20561298413136225
248,4305108,Caxias do Sul (RS),RS,0,983.048,483555,1643.9129999999998,1,2,294.14877794627824,0.41470743889731393
249,3205002,Serra (ES),ES,0,981.9580000000001,502782,553.254,0,0,908.7724625578848,0.045438623127894234
250,4308201,Flores da Cunha (RS),RS,0,962.5060000000001,29609,272.66200000000003,0,0,108.59232309599429,0.005429616154799715
251,3170404,Unaí (MG),MG,0,962.3330000000001,83982,8463.579,0,0,9.922752537667575,0.0004961376268833788
252,5208707,Goiânia (GO),GO,1,960.0,1465990,739.492,1,1,1982.4284779280913,0.29912142389640456
253,3205309,Vitória (ES),ES,0,956.816,363117,93.381,1,3,3888.5533459697367,0.7944276672984868
254,3201308,Cariacica (ES),ES,0,954.248,387294,279.975,0,0,1383.3163675328153,0.06916581837664076
255,3205200,Vila Velha (ES),ES,0,950.0319999999999,486457,208.82,0,0,2329.5517670721197,0.11647758835360598
256,4114609,Marechal Cândido Rondon (PR),PR,0,949.888,51797,748.003,0,0,69.24704847440451,0.0034623524237202253
257,4319000,São Marcos (RS),RS,0,947.1310000000001,21364,256.254,0,0,83.37040592537092,0.0041685202962685455
258,3205101,Viana (ES),ES,0,941.1439999999999,76790,311.608,0,0,246.43141382762957,0.012321570691381479
259,5214507,Nerópolis (GO),GO,0,935.596,28275,204.21599999999998,0,0,138.45634034551654,0.006922817017275827
260,5208806,Goianira (GO),GO,0,934.173,41188,200.40200000000002,0,0,205.5268909491921,0.010276344547459605
261,3127701,Governador Valadares (MG),MG,0,929.0160000000001,280870,2348.1,0,1,119.61585963119119,0.10598079298155956
262,4127700,Toledo (PR),PR,0,926.0189999999999,135564,1197.016,0,0,113.25161902597793,0.005662580951298897
263,5221403,Trindade (GO),GO,0,924.2360000000001,121280,713.28,0,0,170.03140421713775,0.008501570210856887
264,4104808,Cascavel (PR),PR,0,923.2410000000001,319641,2100.105,1,2,152.20238988050596,0.4076101194940253
265,4108809,Guaíra (PR),PR,0,922.0139999999999,32971,560.508,0,0,58.823424464949646,0.0029411712232474824
266,5220454,Senador Canedo (GO),GO,0,916.7330000000001,105535,244.745,0,0,431.2039061063556,0.02156019530531778
267,4217709,Sombrio (SC),SC,0,916.2719999999999,29708,142.745,0,0,208.11937370836105,0.010405968685418052
268,5203302,Bela Vista de Goiás (GO),GO,0,912.061,28517,1276.617,0,0,22.337944739886748,0.0011168972369943373
269,3202405,Guarapari (ES),ES,0,909.941,123181,592.231,0,0,207.99485335958434,0.010399742667979217
270,5206206,Cristalina (GO),GO,0,909.872,55363,6160.722,0,0,8.986446718420341,0.00044932233592101707
271,4117909,Palotina (PR),PR,0,903.3639999999999,31366,651.2280000000001,0,0,48.1643909659904,0.00240821954829952
272,5218805,Rio Verde (GO),GO,0,899.445,217175,8388.295,1,3,25.890243488098594,0.6012945121744049
273,4201406,Araranguá (SC),SC,0,894.4760000000001,67097,303.79900000000004,0,0,220.85984483161562,0.011042992241580781
274,4100509,Altônia (PR),PR,0,892.306,21986,661.558,0,0,33.23366961022314,0.0016616834805111569
275,4205456,Forquilhinha (SC),SC,0,890.312,25989,181.915,0,0,142.86342522606714,0.007143171261303357
276,4204202,Chapecó (SC),SC,0,884.2710000000001,213300,624.308,1,2,341.6582840521025,0.4170829142026051
277,5201405,Aparecida de Goiânia (GO),GO,0,883.8660000000001,542258,288.465,0,0,1879.8051756712255,0.09399025878356128
278,4102000,Assis Chateaubriand (PR),PR,0,880.203,34057,969.5880000000001,0,0,35.12522844754679,0.0017562614223773395
279,4204608,Criciúma (SC),SC,0,879.472,211334,235.628,0,1,896.8968034359244,0.14484484017179622
280,3106309,Belo Oriente (MG),MG,0,875.418,26164,336.01199999999994,0,0,77.86626668095188,0.003893313334047594
281,4219002,Urussanga (SC),SC,0,867.998,21169,240.476,0,0,88.02957467689083,0.004401478733844542
282,4207007,Içara (SC),SC,0,866.365,54844,228.055,0,0,240.4858477121747,0.012024292385608735
283,4219705,Xaxim (SC),SC,0,858.6469999999999,28205,294.715,0,0,95.70262796260795,0.004785131398130397
284,3119401,Coronel Fabriciano (MG),MG,0,856.195,110313,221.049,0,0,499.0431985668336,0.02495215992834168
285,3158953,Santana do Paraíso (MG),MG,0,855.837,32860,275.529,0,0,119.26149334552805,0.005963074667276403
286,4216503,São Joaquim (SC),SC,0,848.997,26639,1885.608,0,0,14.127538703696633,0.0007063769351848317
287,3168705,Timóteo (MG),MG,0,845.535,88941,145.159,0,0,612.7143339372689,0.030635716696863442
288,3131307,Ipatinga (MG),MG,0,842.153,261223,165.50900000000001,0,1,1578.3008778978785,0.17891504389489393
289,4219507,Xanxerê (SC),SC,0,840.0319999999999,49735,377.55300000000005,0,0,131.72984984889536,0.0065864924924447675
290,3201209,Cachoeiro de Itapemirim (ES),ES,0,832.1519999999999,211869,876.7919999999999,0,0,241.64111898831197,0.0120820559494156
291,4128104,Umuarama (PR),PR,0,812.895,110029,1232.799,0,0,89.25137025581624,0.004462568512790812
292,3113404,Caratinga (MG),MG,0,796.0,91872,1250.874,0,0,73.44624638452794,0.003672312319226397
293,4106605,Cruzeiro do Oeste (PR),PR,0,785.9639999999999,21199,779.222,0,0,27.205340711632886,0.0013602670355816443
294,4209300,Lages (SC),SC,0,770.054,158449,2644.313,1,0,59.920667485278784,0.0029960333742639392
295,4204806,Curitibanos (SC),SC,0,731.1139999999999,39553,952.283,0,0,41.534921866713994,0.0020767460933357
296,4111506,Ivaiporã (PR),PR,0,728.202,32713,432.47,0,0,75.64224108030615,0.0037821120540153077
297,3148004,Patos de Minas (MG),MG,0,725.294,150903,3189.006,0,0,47.31976045200292,0.002365988022600146
298,3301009,Campos dos Goytacazes (RJ),RJ,0,709.3480000000001,490294,4031.91,0,1,121.60340880624815,0.10608017044031241
299,3131703,Itabira (MG),MG,0,706.941,119290,1256.496,0,0,94.93862296417974,0.004746931148208987
300,4211900,Palhoça (SC),SC,0,697.93,164976,394.662,0,0,418.0184562993144,0.02090092281496572
301,4205407,Florianópolis (SC),SC,0,696.2360000000001,485865,433.31699999999995,1,3,1121.2691863000991,0.656063459315005
302,4216602,São José (SC),SC,0,692.051,239719,113.171,0,0,2118.201659435721,0.10591008297178606
303,4116901,Nova Esperança (PR),PR,0,689.015,28080,401.587,0,0,69.92258215529885,0.0034961291077649425
304,3157203,Santa Bárbara (MG),MG,0,683.829,30694,684.21,0,0,44.86049604653542,0.0022430248023267707
305,4202305,Biguaçu (SC),SC,0,675.904,66560,324.52099999999996,0,0,205.10228922011214,0.010255114461005608
306,3105400,Barão de Cocais (MG),MG,0,673.107,31978,340.675,0,0,93.86658839069494,0.004693329419534747
307,4109401,Guarapuava (PR),PR,0,673.025,180353,3115.329,0,3,57.89211990130095,0.302894605995065
308,4216305,São João Batista (SC),SC,0,670.363,35103,220.726,0,0,159.03427779237606,0.007951713889618803
309,5008305,Três Lagoas (MS),MS,0,668.5930000000001,117498,10206.37,1,0,11.512222269033945,0.0005756111134516972
310,4117503,Paiçandu (PR),PR,0,664.1519999999999,40161,170.83700000000002,0,0,235.08373478813135,0.011754186739406567
311,3103504,Araguari (MG),MG,0,657.138,117435,2730.632,0,0,43.00652742661772,0.0021503263713308863
312,4115200,Maringá (PR),PR,0,650.077,408678,487.93,1,2,837.5750619965978,0.44187875309982994
313,4213609,Porto União (SC),SC,0,646.066,35196,851.2389999999999,0,0,41.34678979699004,0.0020673394898495017
314,4218004,Tijucas (SC),SC,0,645.106,36941,276.622,0,0,133.54324674104012,0.0066771623370520065
315,4126256,Sarandi (PR),PR,0,643.439,92302,103.226,0,0,894.1739484238467,0.04470869742119234
316,3110004,Caeté (MG),MG,0,638.399,44379,541.094,0,0,82.0171726169575,0.004100858630847875
317,3167202,Sete Lagoas (MG),MG,0,636.013,236268,537.476,0,0,439.5880002083814,0.02197940001041907
318,4202909,Brusque (SC),SC,0,634.469,128872,283.445,0,0,454.6631621654995,0.022733158108274976
319,3143906,Muriaé (MG),MG,0,632.464,108533,843.327,0,0,128.69622341037345,0.0064348111705186724
320,4114807,Marialva (PR),PR,0,632.429,34957,475.467,0,0,73.5214010646375,0.003676070053231875
321,3141108,Matozinhos (MG),MG,0,630.472,37350,252.908,0,0,147.68216110206083,0.007384108055103041
322,3131901,Itabirito (MG),MG,0,629.887,50829,543.007,0,0,93.60652809263969,0.0046803264046319844
323,4208302,Itapema (SC),SC,0,628.308,61256,59.022,0,0,1037.8502931110434,0.05189251465555217
324,4112108,Jandaia do Sul (PR),PR,0,627.985,21338,187.6,0,0,113.74200426439232,0.005687100213219616
325,4114203,Mandaguari (PR),PR,0,627.399,34554,335.816,0,0,102.89563332301023,0.005144781666150512
326,3149309,Pedro Leopoldo (MG),MG,0,623.618,63841,291.038,0,0,219.35623526824676,0.010967811763412338
327,4205902,Gaspar (SC),SC,0,622.528,67399,386.35400000000004,0,0,174.44882154707858,0.00872244107735393
328,3137601,Lagoa Santa (MG),MG,0,620.062,61799,231.99400000000003,0,0,266.3818891867893,0.013319094459339464
329,4102109,Astorga (PR),PR,0,616.504,26193,434.791,0,0,60.24273731516982,0.003012136865758491
330,4202008,Balneário Camboriú (SC),SC,0,616.1669999999999,135348,46.489,0,0,2911.398395319323,0.14556991976596614
331,4203204,Camboriú (SC),SC,0,616.1669999999999,78783,214.5,0,0,367.2867132867133,0.018364335664335665
332,4207502,Indaial (SC),SC,0,614.011,66522,430.534,0,0,154.51044516809358,0.007725522258404679
333,3171204,Vespasiano (MG),MG,0,613.374,122450,70.108,0,0,1746.5909739259428,0.08732954869629714
334,3302403,Macaé (RJ),RJ,0,610.9580000000001,244350,1215.904,0,3,200.96158907282154,0.31004807945364105
335,4218202,Timbó (SC),SC,0,608.567,42805,127.251,0,0,336.3824252854594,0.01681912126427297
336,4101408,Apucarana (PR),PR,0,606.008,132693,558.388,0,0,237.63583744636344,0.011881791872318172
337,4208203,Itajaí (SC),SC,0,605.809,212632,289.255,0,0,735.1022454235882,0.03675511227117941
338,3144805,Nova Lima (MG),MG,0,605.286,92219,428.449,0,0,215.2391533181312,0.01076195766590656
339,4202404,Blumenau (SC),SC,0,603.569,348494,519.837,0,0,670.3909109971011,0.033519545549855055
340,3304524,Rio das Ostras (RJ),RJ,0,603.048,141403,230.62099999999998,0,0,613.1401737049098,0.03065700868524549
341,4211306,Navegantes (SC),SC,0,601.819,77193,111.461,1,1,692.5561407128951,0.23462780703564476
342,3157807,Santa Luzia (MG),MG,0,600.486,218894,233.75900000000001,0,0,936.4088655410059,0.046820443277050296
343,3156700,Sabará (MG),MG,0,599.812,135965,303.564,0,0,447.8956661527717,0.022394783307638586
344,3300704,Cabo Frio (RJ),RJ,0,593.462,216141,400.69300000000004,1,3,539.4179583870944,0.6269708979193547
345,3154606,Ribeirão das Neves (MG),MG,0,593.014,328944,154.18,0,0,2133.5062913477755,0.10667531456738877
346,3118304,Conselheiro Lafaiete (MG),MG,0,591.4730000000001,127380,369.54400000000004,0,0,344.695083670686,0.0172347541835343
347,3106200,Belo Horizonte (MG),MG,1,591.212,2523469,330.954,1,1,7624.833058370649,0.5812416529185325
348,4212502,Penha (SC),SC,0,590.451,31040,58.783,0,0,528.0438221934913,0.026402191109674567
349,4203808,Canoinhas (SC),SC,0,589.2040000000001,54384,1144.837,0,0,47.503705767720646,0.002375185288386032
350,4101507,Arapongas (PR),PR,0,588.205,118502,381.091,0,0,310.9546013944176,0.01554773006972088
351,4213203,Pomerode (SC),SC,0,588.016,32338,215.90400000000002,0,0,149.77953164369347,0.007488976582184673
352,3169901,Ubá (MG),MG,0,587.482,113331,407.699,0,0,277.97713509231073,0.013898856754615536
353,3124104,Esmeraldas (MG),MG,0,587.064,69045,909.592,0,0,75.90765969797448,0.003795382984898724
354,4122404,Rolândia (PR),PR,0,575.677,64734,460.153,0,0,140.6792957994406,0.007033964789972031
355,3147105,Pará de Minas (MG),MG,0,572.9630000000001,92753,550.991,0,0,168.3385028067609,0.008416925140338045
356,3136652,Juatuba (MG),MG,0,571.974,25890,96.789,0,0,267.48907417165174,0.013374453708582586
357,3129806,Ibirité (MG),MG,0,571.931,177524,73.027,0,0,2430.93650293727,0.12154682514686349
358,4216206,São Francisco do Sul (SC),SC,0,571.373,50714,492.819,0,0,102.90593503903055,0.005145296751951528
359,3118601,Contagem (MG),MG,0,570.594,658632,194.58599999999998,0,0,3384.786161388795,0.16923930806943974
360,4202107,Barra Velha (SC),SC,0,567.766,27795,140.16,0,0,198.30907534246575,0.009915453767123288
361,3170206,Uberlândia (MG),MG,0,567.0,676815,4115.822,1,2,164.44224264314636,0.40822211213215737
362,3140704,Mateus Leme (MG),MG,0,566.879,30682,302.589,0,0,101.39826629520572,0.005069913314760286
363,3165537,Sarzedo (MG),MG,0,563.9780000000001,31067,61.891999999999996,0,0,501.95501841918184,0.025097750920959092
364,4103701,Cambé (PR),PR,0,560.837,105344,494.69199999999995,0,0,212.94866300647678,0.01064743315032384
365,3541406,Presidente Prudente (SP),SP,0,557.451,225259,562.107,1,1,400.74042842376986,0.2200370214211885
366,3106705,Betim (MG),MG,0,555.073,427306,345.913,0,0,1235.299049182887,0.06176495245914435
367,4208906,Jaraguá do Sul (SC),SC,0,554.523,170879,532.59,0,0,320.8453031412531,0.016042265157062655
368,4208104,Itaiópolis (SC),SC,0,553.352,21500,1295.319,0,0,16.598227926865892,0.0008299113963432946
369,3300209,Araruama (RJ),RJ,0,550.879,127017,633.795,0,0,200.4070716872175,0.010020353584360875
370,3133808,Itaúna (MG),MG,0,550.466,92700,495.875,0,0,186.9422737585077,0.009347113687925384
371,4201307,Araquari (SC),SC,0,549.867,35328,401.83099999999996,0,0,87.91755738108807,0.004395877869054403
372,3162922,São Joaquim de Bicas (MG),MG,0,548.931,30184,72.455,0,0,416.5896073424885,0.020829480367124426
373,3303401,Nova Friburgo (RJ),RJ,0,547.151,185370,932.635,0,0,198.75942892986004,0.009937971446493003
374,4206504,Guaramirim (SC),SC,0,546.052,42889,268.119,0,0,159.962553940601,0.00799812769703005
375,3109006,Brumadinho (MG),MG,0,544.8969999999999,38882,640.15,0,0,60.73888932281497,0.0030369444661407486
376,3130101,Igarapé (MG),MG,0,538.563,41159,109.93,0,0,374.41098881106154,0.018720549440553076
377,4113700,Londrina (PR),PR,0,537.382,558461,1650.809,1,2,338.2953448884759,0.41691476724442383
378,3105608,Barbacena (MG),MG,0,527.643,136690,788.0010000000001,0,0,173.46424687278315,0.008673212343639157
379,4215000,Rio Negrinho (SC),SC,0,527.216,42017,908.3910000000001,0,0,46.2543111941884,0.00231271555970942
380,4210100,Mafra (SC),SC,0,525.306,55890,1404.2060000000001,0,0,39.80185243475672,0.001990092621737836
381,3502804,Araçatuba (SP),SP,0,524.258,194854,1167.3110000000001,1,1,166.9255237036231,0.20834627618518117
382,4209102,Joinville (SC),SC,0,522.395,577024,1125.7,1,2,512.5912765390424,0.42562956382695216
383,4109807,Ibiporã (PR),PR,0,519.878,53359,300.187,0,0,177.75253425364855,0.008887626712682428
384,3122306,Divinópolis (MG),MG,0,519.154,234975,708.909,0,0,331.46003224673404,0.016573001612336703
385,4122305,Rio Negro (PR),PR,0,518.808,33855,603.246,0,0,56.12138331625904,0.002806069165812952
386,4215802,São Bento do Sul (SC),SC,0,516.8919999999999,82831,495.57800000000003,0,0,167.1401878210897,0.008357009391054486
387,4119905,Ponta Grossa (PR),PR,0,515.0980000000001,344350,2067.545,1,0,166.55018391377212,0.008327509195688606
388,3136702,Juiz de Fora (MG),MG,0,514.214,563816,1436.85,1,2,392.39725789052443,0.41961986289452624
389,3304300,Rio Bonito (RJ),RJ,0,511.58099999999996,58298,462.176,0,0,126.13809457868864,0.006306904728934432
390,3300803,Cachoeiras de Macacu (RJ),RJ,0,509.139,56903,955.806,0,0,59.53404770424123,0.0029767023852120614
391,3506508,Birigui (SP),SP,0,508.01800000000003,120701,530.651,0,0,227.4583483306354,0.01137291741653177
392,3305752,Tanguá (RJ),RJ,0,499.36400000000003,32974,146.623,0,0,224.88968306473066,0.011244484153236534
393,3302700,Maricá (RJ),RJ,0,490.746,153238,362.477,0,0,422.7523401484784,0.02113761700742392
394,3305802,Teresópolis (RJ),RJ,0,488.366,176081,770.507,0,0,228.52615226078416,0.011426307613039208
395,4113205,Lapa (PR),PR,0,485.496,48062,2045.8929999999998,0,0,23.491942149467253,0.0011745971074733626
396,3170107,Uberaba (MG),MG,0,485.105,328343,4512.135,0,1,72.76887770423535,0.20363844388521177
397,3301900,Itaboraí (RJ),RJ,0,483.032,232518,424.219,0,0,548.1084062712891,0.027405420313564455
398,4118204,Paranaguá (PR),PR,0,474.834,152973,826.6519999999999,0,0,185.05126703860876,0.009252563351930438
399,3301850,Guapimirim (RJ),RJ,0,467.575,57686,360.81300000000005,0,0,159.87783145285783,0.007993891572642891
400,3304904,São Gonçalo (RJ),RJ,0,461.939,1049793,249.142,0,0,4213.633189105009,0.21068165945525044
401,3303906,Petrópolis (RJ),RJ,0,460.30199999999996,298095,774.6060000000001,0,0,384.8343544976413,0.019241717724882066
402,4104204,Campo Largo (PR),PR,0,458.54699999999997,127333,1249.422,0,0,101.91352481387393,0.005095676240693697
403,3302502,Magé (RJ),RJ,0,454.301,237776,385.69599999999997,0,0,616.4855222766117,0.030824276113830585
404,3303302,Niterói (RJ),RJ,0,452.26300000000003,498941,129.375,0,0,3856.5487922705315,0.19282743961352658
405,4114302,Mandirituba (PR),PR,0,451.983,25669,379.17900000000003,0,0,67.6962595502388,0.0033848129775119404
406,3304557,Rio de Janeiro (RJ),RJ,1,444.0,6519400,1182.296,1,2,5514.185956816228,0.6757092978408115
407,3549805,São José do Rio Preto (SP),SP,0,441.902,450671,431.30699999999996,1,2,1044.896094892965,0.4522448047446483
408,4107652,Fazenda Rio Grande (PR),PR,0,439.069,95260,116.676,0,0,816.4489697967019,0.04082244848983509
409,4101804,Araucária (PR),PR,0,437.42199999999997,137490,469.166,0,0,293.0519261839093,0.014652596309195465
410,3529005,Marília (SP),SP,0,437.092,235223,1170.0539999999999,1,1,201.03602055973488,0.21005180102798676
411,4111258,Itaperuçu (PR),PR,0,433.95099999999996,27506,312.382,0,0,88.0524486045931,0.004402622430229655
412,4122206,Rio Branco do Sul (PR),PR,0,431.86400000000003,32499,814.3610000000001,0,0,39.907362950828926,0.0019953681475414465
413,4104253,Campo Magro (PR),PR,0,431.476,28250,275.466,0,0,102.55349117495444,0.005127674558747722
414,3505500,Barretos (SP),SP,0,428.241,120626,1563.611,0,3,77.14578626013758,0.6038572893130069
415,3301702,Duque de Caxias (RJ),RJ,0,426.283,890890,464.57300000000004,0,0,1917.653415071474,0.0958826707535737
416,4125506,São José dos Pinhais (PR),PR,0,417.29900000000004,307634,945.717,0,0,325.29181562771953,0.016264590781385976
417,3305109,São João de Meriti (RJ),RJ,0,417.19199999999995,460336,34.838,0,0,13213.617314426774,0.6606808657213387
418,4100400,Almirante Tamandaré (PR),PR,0,416.77099999999996,115376,195.145,0,0,591.2321607010172,0.029561608035050858
419,3303203,Nilópolis (RJ),RJ,0,414.009,158287,19.157,0,0,8262.619408049277,0.4131309704024638
420,3300456,Belford Roxo (RJ),RJ,0,412.345,507373,79.791,0,0,6358.774799162813,0.31793873995814065
421,3302858,Mesquita (RJ),RJ,0,411.19699999999995,171244,34.766999999999996,0,0,4925.4753070440365,0.24627376535220183
422,4106902,Curitiba (PR),PR,1,410.0,1908330,434.967,1,1,4387.298346771135,0.41936491733855674
423,4105805,Colombo (PR),PR,0,408.413,237424,198.007,0,0,1199.0687197927346,0.059953435989636726
424,3302007,Itaguaí (RJ),RJ,0,408.212,122559,271.563,0,0,451.3096408568178,0.02256548204284089
425,4119152,Pinhais (PR),PR,0,407.397,129450,61.007,0,0,2121.8876522366286,0.10609438261183143
426,3300100,Angra dos Reis (RJ),RJ,0,405.80300000000005,194736,800.43,0,2,243.2892320377797,0.412164461601889
427,3303500,Nova Iguaçu (RJ),RJ,0,405.05400000000003,787296,523.888,0,0,1502.7944904254343,0.07513972452127171
428,4119509,Piraquara (PR),PR,0,399.76199999999994,107785,227.56,0,0,473.6552997011777,0.023682764985058884
429,3516200,Franca (SP),SP,0,399.017,347226,607.3330000000001,0,0,571.7225969937414,0.02858612984968707
430,3304144,Queimados (RJ),RJ,0,398.085,145385,76.921,0,0,1890.0560315128507,0.09450280157564253
431,3147907,Passos (MG),MG,0,390.285,114454,1339.1989999999998,0,0,85.4645202094685,0.004273226010473425
432,3302270,Japeri (RJ),RJ,0,389.527,101239,82.83200000000001,0,0,1222.220880819007,0.06111104404095036
433,3511102,Catanduva (SP),SP,0,389.121,120676,292.24,0,0,412.93457432247465,0.020646728716123733
434,3303609,Paracambi (RJ),RJ,0,385.212,50614,179.37400000000002,0,0,282.17021418934735,0.014108510709467368
435,3531902,Morro Agudo (SP),SP,0,382.156,32221,1386.1760000000002,0,0,23.244523062006554,0.0011622261531003277
436,4104006,Campina Grande do Sul (PR),PR,0,380.81199999999995,42547,539.861,0,0,78.81102728294876,0.0039405513641474375
437,3305554,Seropédica (RJ),RJ,0,380.213,84427,283.79400000000004,0,0,297.4939568842188,0.01487469784421094
438,3534708,Ourinhos (SP),SP,0,376.376,111806,296.203,0,0,377.4641040097501,0.018873205200487506
439,3539509,Pitangueiras (SP),SP,0,370.223,38890,429.577,0,0,90.53091762361579,0.00452654588118079
440,3534302,Orlândia (SP),SP,0,368.017,43305,296.431,0,0,146.08795976129352,0.007304397988064676
441,3531308,Monte Alto (SP),SP,0,359.319,49974,347.119,0,0,143.96791878289577,0.007198395939144789
442,3540200,Pontal (SP),SP,0,354.965,47661,355.26199999999994,0,0,134.15732614239633,0.006707866307119816
443,3505906,Batatais (SP),SP,0,353.976,61478,850.7180000000001,0,0,72.26601529531524,0.0036133007647657623
444,3507803,Brodowski (SP),SP,0,348.185,24098,279.80400000000003,0,0,86.12457291532644,0.004306228645766322
445,3524303,Jaboticabal (SP),SP,0,345.80699999999996,76554,706.4989999999999,0,0,108.3568412694144,0.00541784206347072
446,3505609,Barrinha (SP),SP,0,342.11400000000003,31924,146.567,0,0,217.81164927985154,0.010890582463992576
447,3306305,Volta Redonda (RJ),RJ,0,340.87300000000005,264280,182.317,0,0,1449.5631235704843,0.07247815617852421
448,3551702,Sertãozinho (SP),SP,0,339.083,122653,402.80300000000005,0,0,304.4987251832781,0.015224936259163905
449,3518602,Guariba (SP),SP,0,338.866,39216,270.454,0,0,145.0006285726963,0.007250031428634814
450,3525102,Jardinópolis (SP),SP,0,334.30300000000005,42913,503.355,0,0,85.2539460221911,0.004262697301109555
451,3506003,Bauru (SP),SP,0,331.914,371663,673.488,1,1,551.8479913524814,0.2275923995676241
452,3543402,Ribeirão Preto (SP),SP,1,317.627,682408,650.366,1,2,1049.2676431424768,0.45246338215712384
453,3170701,Varginha (MG),MG,0,317.493,134374,395.647,0,1,339.63103473550916,0.21698155173677547
454,3551504,Serrana (SP),SP,0,313.008,43797,125.744,0,0,348.3029011324596,0.01741514505662298
455,3300407,Barra Mansa (RJ),RJ,0,312.291,180290,547.441,0,0,329.3322933430269,0.016466614667151346
456,3509403,Cajuru (SP),SP,0,303.399,25655,660.687,0,0,38.83079279598358,0.0019415396397991789
457,3525300,Jaú (SP),SP,0,303.04200000000003,146352,688.337,0,0,212.61678509218595,0.010630839254609297
458,3547601,Santa Rosa de Viterbo (SP),SP,0,293.751,26067,289.66900000000004,0,0,89.98891838615798,0.004499445919307899
459,3513108,Cravinhos (SP),SP,0,293.702,34651,311.341,0,0,111.29597451026366,0.005564798725513183
460,3304201,Resende (RJ),RJ,0,282.038,126927,1113.507,0,0,113.98850658325452,0.005699425329162726
461,3503208,Araraquara (SP),SP,0,278.254,230781,1005.9680000000001,0,0,229.41186996007823,0.011470593498003912
462,3151800,Poços de Caldas (MG),MG,0,273.564,166096,544.42,0,0,305.08798354211825,0.015254399177105913
463,3530508,Mococa (SP),SP,0,267.763,68979,854.074,0,0,80.76466442017905,0.004038233221008952
464,3553302,Tambaú (SP),SP,0,263.082,23262,561.566,0,0,41.42344800076928,0.0020711724000384638
465,3547502,Santa Rita do Passa Quatro (SP),SP,0,257.20799999999997,27583,752.993,0,0,36.63115062158612,0.0018315575310793061
466,3548906,São Carlos (SP),SP,0,240.02900000000002,246101,1140.92,0,0,215.70399326859024,0.010785199663429512
467,3507506,Botucatu (SP),SP,0,238.606,142561,1482.874,0,0,96.13830979570753,0.0048069154897853765
468,3513603,Cunha (SP),SP,0,233.03099999999998,21923,1407.172,0,0,15.579474293121239,0.000778973714656062
469,3513405,Cruzeiro (SP),SP,0,227.032,81710,304.572,0,0,268.27810829623206,0.013413905414811604
470,3555406,Ubatuba (SP),SP,0,225.02900000000002,88324,712.1160000000001,0,0,124.03035460514859,0.006201517730257429
471,3508603,Cachoeira Paulista (SP),SP,0,212.928,32771,287.837,0,0,113.85263187151061,0.005692631593575531
472,3520400,Ilhabela (SP),SP,0,203.00400000000002,33369,348.3,0,0,95.80534022394487,0.004790267011197244
473,3152501,Pouso Alegre (MG),MG,0,202.68900000000002,147190,543.883,0,0,270.628057872741,0.013531402893637051
474,3527207,Lorena (SP),SP,0,200.11700000000002,87969,413.776,0,0,212.60053748888288,0.010630026874444145
475,3530706,Mogi Guaçu (SP),SP,0,197.50799999999998,149390,813.138,0,0,183.7203525108899,0.009186017625544496
476,3550407,São Pedro (SP),SP,0,195.118,34900,618.2040000000001,0,0,56.45385665573176,0.0028226928327865883
477,3550704,São Sebastião (SP),SP,0,193.0,85565,403.336,0,0,212.14322549933553,0.010607161274966777
478,3526704,Leme (SP),SP,0,189.595,101186,403.077,0,0,251.03392155841192,0.012551696077920596
479,3518404,Guaratinguetá (SP),SP,0,187.53900000000002,120406,751.443,0,0,160.2330449548402,0.00801165224774201
480,3538709,Piracicaba (SP),SP,0,184.99900000000002,397309,1369.511,0,0,290.11011959743297,0.01450550597987165
481,3550209,São Miguel Arcanjo (SP),SP,0,184.761,32903,930.012,0,0,35.379113387784244,0.0017689556693892123
482,3509700,Campos do Jordão (SP),SP,0,181.16299999999998,51451,289.512,0,0,177.71629500677003,0.008885814750338502
483,3502507,Aparecida (SP),SP,0,179.96599999999998,36270,120.939,0,0,299.9032570138665,0.014995162850693324
484,3512209,Conchal (SP),SP,0,178.31099999999998,27553,183.826,0,0,149.8863055280537,0.007494315276402685
485,3543907,Rio Claro (SP),SP,0,177.755,202944,498.00800000000004,0,0,407.5115259192623,0.020375576295963115
486,3522307,Itapetininga (SP),SP,0,173.054,160080,1792.079,0,0,89.3264192036177,0.0044663209601808855
487,3510500,Caraguatatuba (SP),SP,0,172.821,116822,483.95,0,0,241.3927058580432,0.01206963529290216
488,3503307,Araras (SP),SP,0,171.887,131286,643.457,0,0,204.0322818774215,0.010201614093871075
489,3546702,Santa Gertrudes (SP),SP,0,170.213,25649,97.694,0,0,262.5442708866461,0.013127213544332304
490,3544004,Rio das Pedras (SP),SP,0,169.375,33944,226.93900000000002,0,0,149.5732333358303,0.007478661666791515
491,3521408,Iracemápolis (SP),SP,0,162.097,23271,115.947,0,0,200.7037698258687,0.010035188491293435
492,3512407,Cordeirópolis (SP),SP,0,161.911,23797,137.33700000000002,0,0,173.27449995267114,0.008663724997633557
493,3526407,Laranjal Paulista (SP),SP,0,161.159,27891,386.76300000000003,0,0,72.11393023634628,0.003605696511817314
494,3538006,Pindamonhangaba (SP),SP,0,157.619,164016,730.172,0,0,224.62652635269498,0.01123132631763475
495,3554805,Tremembé (SP),SP,0,156.045,45910,192.416,0,0,238.59762181939132,0.011929881090969567
496,3537909,Pilar do Sul (SP),SP,0,152.839,28717,682.395,0,0,42.08266473230314,0.002104133236615157
497,3503802,Artur Nogueira (SP),SP,0,152.27700000000002,52008,177.752,0,0,292.5874251766506,0.014629371258832529
498,3511508,Cerquilho (SP),SP,0,148.747,46754,127.758,0,0,365.9575134238169,0.018297875671190848
499,3526902,Limeira (SP),SP,0,148.023,300901,580.9830000000001,0,0,517.9170474867594,0.02589585237433797
500,3554508,Tietê (SP),SP,0,146.089,41026,392.509,0,0,104.52244407134613,0.005226122203567307
501,3554003,Tatuí (SP),SP,0,145.781,118944,524.156,0,0,226.92480864475465,0.011346240432237732
502,3548005,Santo Antônio de Posse (SP),SP,0,143.963,22801,154.113,0,0,147.94988093152426,0.0073974940465762135
503,3537107,Pedreira (SP),SP,0,143.306,46603,109.71,0,0,424.7835201895908,0.021239176009479537
504,3554102,Taubaté (SP),SP,0,143.22799999999998,307964,625.9159999999999,0,0,492.0212935921115,0.024601064679605572
505,3512803,Cosmópolis (SP),SP,0,141.033,69115,154.73,0,0,446.6813158404964,0.022334065792024817
506,3510401,Capivari (SP),SP,0,138.66299999999998,54302,323.198,0,0,168.01465355602448,0.008400732677801224
507,3537602,Peruíbe (SP),SP,0,137.026,66578,326.214,0,0,204.09301869325046,0.010204650934662524
508,3537800,Piedade (SP),SP,0,135.566,55083,745.5360000000001,0,0,73.88375611640484,0.003694187805820242
509,3521002,Iperó (SP),SP,0,128.47799999999998,34940,170.94,0,0,204.3992043992044,0.01021996021996022
510,3524709,Jaguariúna (SP),SP,0,128.346,54243,142.437,0,0,380.8209945449567,0.019041049727247836
511,3533403,Nova Odessa (SP),SP,0,127.12799999999999,58239,73.298,0,0,794.5510109416355,0.039727550547081776
512,3545308,Salto de Pirapora (SP),SP,0,126.476,44398,280.312,0,0,158.3877964553783,0.007919389822768914
513,3501608,Americana (SP),SP,0,125.99700000000001,233882,133.63,0,0,1750.2207588116441,0.08751103794058221
514,3536505,Paulínia (SP),SP,0,125.78299999999999,102588,139.332,0,0,736.2845577469641,0.03681422788734821
515,3502903,Araçoiaba da Serra (SP),SP,0,124.25200000000001,32512,255.55,0,0,127.22363529641949,0.006361181764820974
516,3531803,Monte Mor (SP),SP,0,122.70200000000001,57262,240.787,0,0,237.81184200143696,0.011890592100071849
517,3507001,Boituva (SP),SP,0,121.404,57942,249.014,0,0,232.6857124499024,0.01163428562249512
518,3540606,Porto Feliz (SP),SP,0,119.87799999999999,52502,556.563,0,0,94.33253737672105,0.004716626868836052
519,3552403,Sumaré (SP),SP,0,119.796,273066,153.033,0,0,1784.3602360275236,0.08921801180137617
520,3508504,Caçapava (SP),SP,0,113.949,92586,369.907,0,0,250.29534450551085,0.012514767225275543
521,3522109,Itanhaém (SP),SP,0,113.34700000000001,98646,599.0169999999999,0,0,164.6798004063324,0.00823399002031662
522,3519071,Hortolândia (SP),SP,0,112.79899999999999,222249,62.224,0,0,3571.756878374904,0.1785878439187452
523,3557006,Votorantim (SP),SP,0,106.035,119901,183.998,0,0,651.6429526407896,0.03258214763203948
524,3520509,Indaiatuba (SP),SP,0,105.348,239720,310.564,0,0,771.8859880733118,0.038594299403665586
525,3552205,Sorocaba (SP),SP,0,104.948,659961,449.12199999999996,0,0,1469.4470544751762,0.07347235272375881
526,3545209,Salto (SP),SP,0,104.492,116194,134.25799999999998,0,0,865.4530828702947,0.043272654143514735
527,3506359,Bertioga (SP),SP,0,103.624,59348,491.70099999999996,0,0,120.69936811192169,0.006034968405596084
528,3523909,Itu (SP),SP,0,101.241,170161,639.981,0,0,265.8844559447859,0.013294222797239295
529,3556206,Valinhos (SP),SP,0,96.82700000000001,124066,148.528,0,0,835.3037811052462,0.04176518905526231
530,3518701,Guarujá (SP),SP,0,96.045,315546,142.589,0,0,2212.9757554930607,0.11064878777465303
531,3531100,Mongaguá (SP),SP,0,94.65299999999999,54277,143.171,0,0,379.10610388975425,0.018955305194487713
532,3509502,Campinas (SP),SP,1,91.251,1182410,795.697,1,3,1486.0053512832146,0.6743002675641607
533,3508405,Cabreúva (SP),SP,0,89.744,47890,259.807,0,0,184.32913662834335,0.009216456831417167
534,3549904,São José dos Campos (SP),SP,1,89.383,703284,1099.613,0,1,639.5741047077471,0.23197870523538736
535,3507605,Bragança Paulista (SP),SP,0,87.40899999999999,164182,513.589,0,0,319.6758497553491,0.015983792487767455
536,3523404,Itatiba (SP),SP,0,85.755,116533,322.522,0,0,361.31798761014755,0.01806589938050738
537,3524402,Jacareí (SP),SP,0,82.065,229842,460.07300000000004,0,0,499.5772410030582,0.02497886205015291
538,3506607,Biritiba Mirim (SP),SP,0,81.057,31795,316.717,0,0,100.38930654180231,0.005019465327090115
539,3518305,Guararema (SP),SP,0,80.082,28980,270.496,0,0,107.13651957884775,0.005356825978942388
540,3556701,Vinhedo (SP),SP,0,79.031,75164,81.742,0,0,919.5272931907709,0.04597636465953855
541,3526209,Juquitiba (SP),SP,0,77.473,31025,521.5980000000001,0,0,59.48067285534069,0.0029740336427670345
542,3528403,Mairinque (SP),SP,0,75.906,46563,209.757,0,0,221.9854402951987,0.011099272014759935
543,3541000,Praia Grande (SP),SP,0,75.827,310168,149.079,0,0,2080.5613131292803,0.10402806565646401
544,3525201,Jarinu (SP),SP,0,75.498,28554,207.671,0,0,137.49632832701727,0.006874816416350863
545,3519709,Ibiúna (SP),SP,0,74.867,77562,1059.6889999999999,0,0,73.19317271388115,0.003659658635694058
546,3524006,Itupeva (SP),SP,0,74.025,57089,200.516,0,0,284.7104470466197,0.014235522352330986
547,3548500,Santos (SP),SP,1,73.059,434640,280.3,0,0,1550.6243310738494,0.07753121655369247
548,3527306,Louveira (SP),SP,0,71.405,45959,55.349,0,0,830.3492384686264,0.041517461923431316
549,3550605,São Roque (SP),SP,0,71.327,88485,307.553,0,0,287.706509122005,0.01438532545610025
550,3551009,São Vicente (SP),SP,0,70.443,360360,148.424,0,0,2427.909233008139,0.12139546165040695
551,3504107,Atibaia (SP),SP,0,66.309,139686,478.101,0,0,292.1683911976758,0.014608419559883791
552,3513504,Cubatão (SP),SP,0,64.975,128741,142.281,0,0,904.8362044123952,0.04524181022061976
553,3530607,Mogi das Cruzes (SP),SP,0,64.585,433948,714.1560000000001,0,0,607.6375469785313,0.030381877348926566
554,3556503,Várzea Paulista (SP),SP,0,60.492,118924,34.626999999999995,0,0,3434.4297802293013,0.17172148901146506
555,3509601,Campo Limpo Paulista (SP),SP,0,60.093999999999994,82526,80.048,0,0,1030.9564261443134,0.05154782130721567
556,3528502,Mairiporã (SP),SP,0,59.943000000000005,95644,321.48,0,0,297.51150926962794,0.014875575463481398
557,3546801,Santa Isabel (SP),SP,0,59.449,56017,361.494,0,0,154.95969504334786,0.007747984752167393
558,3525904,Jundiaí (SP),SP,0,58.825,409515,431.969,0,0,948.0194180600923,0.047400970903004616
559,3515103,Embu-Guaçu (SP),SP,0,58.475,68266,155.036,0,0,440.3235377589721,0.022016176887948605
560,3515707,Ferraz de Vasconcelos (SP),SP,0,51.027,188891,30.070999999999998,0,0,6281.500448937515,0.31407502244687574
561,3552502,Suzano (SP),SP,0,51.013999999999996,290784,205.865,0,0,1412.4984820149127,0.07062492410074564
562,3516309,Francisco Morato (SP),SP,0,49.808,171614,49.163999999999994,0,0,3490.6435603286964,0.1745321780164348
563,3543303,Ribeirão Pires (SP),SP,0,49.662,121837,99.175,0,0,1228.505167632972,0.0614252583816486
564,3539806,Poá (SP),SP,0,49.662,115484,17.179000000000002,0,0,6722.393620117585,0.33611968100587925
565,3556453,Vargem Grande Paulista (SP),SP,0,48.746,50365,33.512,0,0,1502.8944855574123,0.07514472427787061
566,3544103,Rio Grande da Serra (SP),SP,0,48.525,49414,36.671,0,0,1347.4952960104715,0.06737476480052358
567,3509205,Cajamar (SP),SP,0,46.693999999999996,73942,128.356,0,0,576.0696811991648,0.028803484059958244
568,3516408,Franco da Rocha (SP),SP,0,44.031000000000006,149531,133.931,0,0,1116.4778878676332,0.05582389439338166
569,3547304,Santana de Parnaíba (SP),SP,0,43.132,131971,183.81599999999997,0,0,717.9516472994735,0.035897582364973674
570,3503901,Arujá (SP),SP,0,43.045,86456,97.448,0,0,887.2013791971103,0.04436006895985552
571,3522505,Itapevi (SP),SP,0,42.626999999999995,229555,91.353,0,0,2512.8348275371363,0.12564174137685682
572,3522208,Itapecerica da Serra (SP),SP,0,42.391999999999996,170947,151.458,0,0,1128.6759365632718,0.05643379682816359
573,3523107,Itaquaquecetuba (SP),SP,0,42.236999999999995,360698,81.777,0,0,4410.75118920968,0.220537559460484
574,3525003,Jandira (SP),SP,0,41.795,121506,17.523,0,0,6934.086629001883,0.34670433145009416
575,3509007,Caieiras (SP),SP,0,40.001,98243,95.89399999999999,0,0,1024.4957974430101,0.051224789872150504
576,3513009,Cotia (SP),SP,0,36.225,237857,323.89099999999996,0,0,734.3736009953967,0.03671868004976984
577,3505708,Barueri (SP),SP,0,33.946,267553,64.167,0,0,4169.6354824130785,0.20848177412065394
578,3515004,Embu das Artes (SP),SP,0,33.433,267073,70.079,0,0,3811.027554616933,0.19055137773084663
579,3510609,Carapicuíba (SP),SP,0,29.843000000000004,396545,34.967,0,0,11340.549661109046,0.5670274830554523
580,3529401,Mauá (SP),SP,0,26.415,462029,62.293,0,0,7417.029200712761,0.37085146003563807
581,3534401,Osasco (SP),SP,0,25.545,697743,64.935,0,0,10745.252945252945,0.5372626472626473
582,3552809,Taboão da Serra (SP),SP,0,22.897,279699,20.477999999999998,0,0,13658.511573395841,0.6829255786697921
583,3518800,Guarulhos (SP),SP,0,21.495,1349158,318.014,1,0,4242.448445665914,0.2121224222832957
584,3547809,Santo André (SP),SP,0,20.570999999999998,715112,174.84,0,0,4090.093800045756,0.2045046900022878
585,3513801,Diadema (SP),SP,0,20.037,417842,30.65,0,0,13632.691680261012,0.6816345840130507
586,3548708,São Bernardo do Campo (SP),SP,0,18.733,827379,406.18,0,0,2036.9762174405437,0.10184881087202718
587,3548807,São Caetano do Sul (SP),SP,0,13.453,159589,15.36,0,0,10389.908854166668,0.5194954427083334
588,3550308,São Paulo (SP),SP,1,0.0,12105804,1522.986,1,3,7948.729666589186,0.9974364833294593
